unit,tra_meas,tra_cov,schedule-time,geo,2017M09,2017M08,2017M07,2017M06,2017M05,2017M04,2017M03,2017M02,2017M01,2016M12,2016M11,2016M10,2016M09,2016M08,2016M07,2016M06,2016M05,2016M04,2016M03,2016M02,2016M01,2015M12,2015M11,2015M10,2015M09,2015M08,2015M07,2015M06,2015M05,2015M04,2015M03,2015M02,2015M01,2014M12,2014M11,2014M10,2014M09,2014M08,2014M07,2014M06,2014M05,2014M04,2014M03,2014M02,2014M01,2013M12,2013M11,2013M10,2013M09,2013M08,2013M07,2013M06,2013M05,2013M04,2013M03,2013M02,2013M01,2012M12,2012M11,2012M10,2012M09,2012M08,2012M07,2012M06,2012M05,2012M04,2012M03,2012M02,2012M01,2011M12,2011M11,2011M10,2011M09,2011M08,2011M07,2011M06,2011M05,2011M04,2011M03,2011M02,2011M01,2010M12,2010M11,2010M10,2010M09,2010M08,2010M07,2010M06,2010M05,2010M04,2010M03,2010M02,2010M01,2009M12,2009M11,2009M10,2009M09,2009M08,2009M07,2009M06,2009M05,2009M04,2009M03,2009M02,2009M01,2008M12,2008M11,2008M10,2008M09,2008M08,2008M07,2008M06,2008M05,2008M04,2008M03,2008M02,2008M01,2007M12,2007M11,2007M10,2007M09,2007M08,2007M07,2007M06,2007M05,2007M04,2007M03,2007M02,2007M01,2006M12,2006M11,2006M10,2006M09,2006M08,2006M07,2006M06,2006M05,2006M04,2006M03,2006M02,2006M01,2005M12,2005M11,2005M10,2005M09,2005M08,2005M07,2005M06,2005M05,2005M04,2005M03,2005M02,2005M01,2004M12,2004M11,2004M10,2004M09,2004M08,2004M07,2004M06,2004M05,2004M04,2004M03,2004M02,2004M01,2003M12,2003M11,2003M10,2003M09,2003M08,2003M07,2003M06,2003M05,2003M04,2003M03,2003M02,2003M01,2002M12,2002M11,2002M10,2002M09,2002M08,2002M07,2002M06,2002M05,2002M04,2002M03,2002M02,2002M01,2001M12,2001M11,2001M10,2001M09,2001M08,2001M07,2001M06,2001M05,2001M04,2001M03,2001M02,2001M01,2000M12,2000M11,2000M10,2000M09,2000M08,2000M07,2000M06,2000M05,2000M04,2000M03,2000M02,2000M01,1999M12,1999M11,1999M10,1999M09,1999M08,1999M07,1999M06,1999M05,1999M04,1999M03,1999M02,1999M01,1998M12,1998M11,1998M10,1998M09,1998M08,1998M07,1998M06,1998M05,1998M04,1998M03,1998M02,1998M01,1997M12,1997M11,1997M10,1997M09,1997M08,1997M07,1997M06,1997M05,1997M04,1997M03,1997M02,1997M01,1996M12,1996M11,1996M10,1996M09,1996M08,1996M07,1996M06,1996M05,1996M04,1996M03,1996M02,1996M01,1995M12,1995M11,1995M10,1995M09,1995M08,1995M07,1995M06,1995M05,1995M04,1995M03,1995M02,1995M01,1994M12,1994M11,1994M10,1994M09,1994M08,1994M07,1994M06,1994M05,1994M04,1994M03,1994M02,1994M01,1993M12,1993M11,1993M10,1993M09,1993M08,1993M07,1993M06,1993M05,1993M04,1993M03,1993M02,1993M01
PAS,PAS_CRD,TOTAL,TOT,AT,:,:,:,:,:,:,2196824,1866149,1885574,2046085,1946072,2398405,2665489,2723254,2776608,2450672,2373298,2099280,2151897,1780026,1770425,1858999,1843174,2279362,2622134,2775665,2739213,2520214,2363428,2182653,2100017,1718104,1751044,1870560,1806834,2267695,2519181,2645521,2571197,2483100,2330573,2189347,2108523,1779141,1807004,1873528,1817948,2230866,2451674,2537606,2513804,2408193,2239011,2029996,2150535,1733910,1762653,1843440,1827408,2215188,2502746,2493086,2545147,2394370,2253364,2144869,2133740,1810625,1801994,1840181,1825947,2169417,2442374,2461844,2553335,2279147,2192972,2015846,1977449,1667770,1711330,1691526,1740819,2085698,2280317,2356612,2401499,2151684,2080848,1624357,1908254,1594077,1616764,1620639,1575004,1873276,2030273,2122960,2177365,1966868,1856949,1782854,1741349,1516246,1553484,1592732,1584923,1936078,2182811,2307779,2323552,2233935,2139815,1955301,2113381,1807226,1722051,1756112,1753531,1977355,2180739,2241718,2270779,2105868,1920593,1801215,1830259,1547059,1540876,1535643,1457363,1759013,2018864,2058357,2131217,1964460,1791334,1677498,1601234,1400385,1429165,1415462,1384661,1681956,1956124,1984823,2081151,1848362,1730998,1494534,1524609,1276452,1305690,1310390,1293256,1578132,1817173,1889080,1912868,1719314,1582546,1429080,1346655,1218986,1199132,1195331,1171212,1407540,1567715,1671281,1608902,1508723,1257704,1124827,1169401,1051790,1064226,1043829,1048688,1299033,1497293,1566658,1541140,1473653,1297798,1127261,1170101,955778,922533,:,:,:,:,:,:,:,:,:,:,:,:,:,:,:,:,:,:,:,:,:,:,:,:,:,:,:,:,:,:,:,:,:,:,:,:,:,:,:,:,:,:,:,:,:,:,:,:,:,:,:,:,:,:,:,:,:,:,:,:,:,:,:,:,:,:,:,:,:,:,:,:,:,:,:,:,:,:,:,:,:,:,:,:,:,:,:,:,:,:,:,:,:,:,:,:,:,:,:,:,:,:,:,:,:,:,:,:
PAS,PAS_CRD,TOTAL,TOT,BE,:,:,:,2986272,2983022,2891115,2462550,2083035,2064270,2254808,2318544,2767036,2990813,3133437,3213462,2736786,2703577,2005251,1936776,2089083,1966259,2052617,2238354,2823646,3043615,3260405,3281630,2855538,2859581,2660132,2209413,1856334,1817576,1949000,2107419,2618148,2872608,3103037,3065902,2683507,2619815,2505099,2004797,1608226,1638700,1794956,1864727,2342300,2593195,2785575,2835828,2460324,2408826,2261127,1932190,1555965,1554914,1690925,1829209,2276696,2555419,2712545,2828842,2408452,2353375,2236235,1906186,1586685,1534946,1672498,1810841,2259696,2507760,2571801,2709542,2303327,2282020,2141705,1870073,1472013,1501419,1555748,1757811,2141503,2217019,2407821,2487914,2093415,2078077,1544861,1678130,1397881,1337584,1471615,1593582,1880843,2031472,2236463,2304139,1954362,1921654,1874276,1537116,1269093,1242075,1396295,1521292,1886223,2084813,2232114,2326377,2023912,2025893,1889593,1734538,1475935,1386698,1467486,1584963,1865508,2035728,2124836,2233117,1882832,1837109,1742340,1554827,1250092,1226617,1255829,1392535,1689298,1859267,1929181,2056803,1778551,1775790,1677807,1417005,1174598,1148009,1174054,1301438,1561327,1753405,1828391,1935586,1647288,1624533,1518784,1307341,1135868,1025928,1168370,1278950,1527263,1712633,1773196,1883096,1573427,1577769,1509387,1290226,1126142,1048044,989286,1070423,1364402,1477390,1611542,1641521,1435306,1315159,1269341,1099772,917218,904519,938440,1019750,1329962,1451559,1497043,1531905,1299633,1297000,1178498,1076168,859325,79679,:,:,:,:,:,:,:,:,:,:,:,:,:,:,:,:,:,:,:,:,:,:,:,:,:,:,:,:,:,:,:,:,:,:,:,:,:,:,:,:,:,:,:,:,:,:,:,:,:,:,:,:,:,:,:,:,:,:,:,:,:,:,:,:,:,:,:,:,:,:,:,:,:,:,:,:,:,:,:,:,:,:,:,:,:,:,:,:,:,:,:,:,:,:,:,:,:,:,:,:,:,:,:,:,:,:,:,:
PAS,PAS_CRD,TOTAL,TOT,BG,:,:,:,1384824,767812,615682,544316,480657,493259,494819,452109,562726,1172583,1684644,1699632,1171437,622014,411154,366203,334689,352207,340914,315488,427016,921961,1452396,1390599,975825,501317,362523,324201,286718,311991,313277,290550,383929,852992,1452946,1396172,1080830,511137,350849,314591,274571,298853,296731,271842,356604,844583,1360860,1349921,983674,479412,309296,294684,252029,279656,276741,253041,333363,795693,1306449,1337258,946489,438227,318565,288098,248309,276870,274324,245788,339600,806260,1257769,1261908,872497,452652,315771,288958,255290,281190,270002,247081,348654,733968,1168521,1147747,794101,424416,245311,273116,242626,273780,259488,226626,312347,688883,1072533,1041931,777707,414321,273385,260743,239638,273223,260205,232781,352803,829599,1205260,1152527,888061,472013,269281,275083,239511,240868,246189,207164,319476,815091,1163998,1163949,858324,416286,237480,229114,195346,219940,:,:,:,:,:,:,:,:,:,:,:,:,:,:,:,:,:,:,:,:,:,:,:,:,:,:,:,:,:,:,:,:,:,:,:,:,:,:,:,:,:,:,:,:,:,:,:,:,:,:,:,:,:,:,:,:,:,:,:,:,:,:,:,:,:,:,:,:,:,:,:,:,:,:,:,:,:,:,:,:,:,:,:,:,:,:,:,:,:,:,:,:,:,:,:,:,:,:,:,:,:,:,:,:,:,:,:,:,:,:,:,:,:,:,:,:,:,:,:,:,:,:,:,:,:,:,:,:,:,:,:,:,:,:,:,:,:,:,:,:,:,:,:,:,:,:,:,:,:,:,:,:,:,:,:,:,:,:,:,:,:,:,:,:,:,:,:,:
PAS,PAS_CRD,TOTAL,TOT,CH,:,:,:,4719822,4495142,4652715,4314174,3703479,3716220,3865046,3453343,4678885,4568881,4978179,5079927,4305416,4347627,4107853,4085372,3543955,3491008,3522465,3310528,4375051,4362164,4805848,4790693,4161984,4141957,4048758,3889314,3280428,3337185,3443380,3148870,4205245,4185618,4603622,4497861,4096298,3869086,3906753,3760274,3172123,3238296,3278394,3024018,3913911,3935600,4256793,4312013,3873201,3803698,3724740,3788887,3144838,3161475,3219302,3017753,3822673,3860268,4091271,4239321,3766339,3633333,3681223,3624391,3135106,3145106,3185073,2910281,3766686,3688245,3869388,4129196,3599495,3458412,3450976,3386536,2934135,3061425,2869481,2795241,3567398,3416506,3618005,3709175,3212916,3118248,2606965,3201375,2715644,2785005,2788657,2599284,3284448,3150301,3435023,3476008,3109528,2950766,3047449,2928961,2524434,2633310,2642716,2488567,3196988,3177284,3481984,3516853,3156183,3132110,3034362,3306070,2780846,2681772,2687807,2484738,3089274,3061745,3219278,3325140,2944037,2808333,2897957,2999644,2490465,2529280,2546470,2279527,2862370,2850288,2948475,3053600,2764107,2643207,2706519,2647872,2229366,2297852,2230702,2041214,2596525,2555870,2678630,2826645,2433265,2347629,2387613,2519743,2069842,2188647,2054285,1902085,2451180,2375166,2459186,2553228,2249176,2112621,2240477,2222102,1975474,1972908,:,:,:,:,:,:,:,:,:,:,:,:,:,:,:,:,:,:,:,:,:,:,:,:,:,:,:,:,:,:,:,:,:,:,:,:,:,:,:,:,:,:,:,:,:,:,:,:,1960126,1984426,2738864,2497685,2624085,2632226,2275050,2234179,2157983,2198779,1792892,1911549,1810770,1756503,2303968,2315559,2422024,2422560,2188937,2092520,2125685,1970854,1630026,1702214,1680580,1649161,2222394,2220137,2331858,2296555,2052443,2000985,1918637,1919826,1523962,1559132,1555154,1504936,2034477,1992942,2052332,2041640,1877495,1799654,1789292,1767027,1448956,1465134,1488703,1425503,2051859,1946424,1927468,2008394,1785752,1709864,1783929,1617420,1311831,1444205,1413840,1323167,1870487,1801741,1849682,1954147,1656824,1628018,1620582,1573372,1269124,1396350,1301734,1237592,1754990,1709595,1751247,1789519,1551152,1548424,1538027,1403092,1216021,1338447
PAS,PAS_CRD,TOTAL,TOT,CY,:,1403953,1361752,:,1011928,780519,466747,347714,364542,387090,485768,1007761,1096334,1260117,1218730,1011528,901195,602240,416466,283688,290900,319224,405956,762881,938495,1092384,1042322,848491,761100,566410,341318,245305,266901,297124,370760,772630,881034,1063336,1008904,873571,745245,534378,306090,229216,246258,266787,348935,790568,894754,972178,940066,840135,738059,468845,313984,204904,232222,272897,352527,803838,910215,1038076,991330,853578,698223,560623,326936,255273,264784,287201,363486,770287,837728,1015203,969820,798809,697392,569003,350331,256350,274777,297539,374529,760881,824678,982499,889878,758152,672133,462592,387542,258954,278911,315358,370990,700898,779469,926662,860358,714840,641753,559625,336373,249101,274360,322958,392637,764407,824113,1018344,929745,800321,693103,529463,384602,279810,278581,325417,363732,775937,841408,985735,907289,724139,653106,539168,363519,252100,272765,273795,339678,746873,755540,908937,903067,707028,677877,556059,334965,238505,271778,274801,354038,764309,752843,950424,857922,716758,691181,505740,393344,249254,271907,280911,358454,725863,198132,191046,176080,178276,166546,142727,110355,72092,60289,:,:,:,:,:,:,:,:,:,:,:,:,:,:,:,:,:,:,:,:,:,:,:,:,:,:,:,:,:,:,:,:,:,:,:,:,:,:,:,:,:,:,:,:,:,:,:,:,:,:,:,:,:,:,:,:,:,:,:,:,:,:,:,:,:,:,:,:,:,:,:,:,:,:,:,:,:,:,:,:,:,:,:,:,:,:,:,:,:,:,:,:,:,:,:,:,:,:,:,:,:,:,:,:,:,:,:,:,:,:,:,:,:,:,:,:,:,:,:,:,:,:,:,:,:,:,:,:,:,:,:,:
PAS,PAS_CRD,TOTAL,TOT,CZ,:,:,:,1616177,1341865,1263891,1072321,849582,868566,1046584,994899,1225588,1478105,1573745,1584206,1348177,1103672,975675,907730,722370,711611,864921,871581,1089549,1358210,1506583,1494935,1328075,1092539,956678,821510,638120,649303,782638,799675,1041200,1317820,1429282,1392495,1265173,1037450,948014,810876,606615,648635,757472,761934,1016833,1299130,1434105,1415407,1243394,1030865,917915,811521,582934,620302,740127,760685,986916,1267467,1363301,1349272,1194962,987057,936613,826374,637832,691746,785403,793317,1096052,1335896,1462876,1479115,1294393,1138954,1048932,868443,657122,690029,771070,824180,1128032,1316832,1431857,1412454,1203284,1050300,816449,887087,685925,714916,852453,854634,1052787,1291327,1473838,1447315,1234785,1031799,981167,835976,640527,670859,797261,832911,1119218,1411733,1545867,1501406,1384172,1198767,1042433,1016272,800424,778685,919184,969129,1155617,1367693,1457509,1419195,1280357,1095342,1028328,943419,736761,725607,853060,848672,1082521,1303883,1400599,1363682,1227959,1041517,963037,804206,623080,659019,741562,776061,1003575,1185829,1278005,1275469,1138295,966537,844417,806423,605210,644381,720838,748502,928211,1069663,1131621,1109337,24626,4189,2523,:,:,:,:,:,:,:,:,:,:,:,:,:,:,:,:,:,:,:,:,:,:,:,:,:,:,:,:,:,:,:,:,:,:,:,:,:,:,:,:,:,:,:,:,:,:,:,:,:,:,:,:,:,:,:,:,:,:,:,:,:,:,:,:,:,:,:,:,:,:,:,:,:,:,:,:,:,:,:,:,:,:,:,:,:,:,:,:,:,:,:,:,:,:,:,:,:,:,:,:,:,:,:,:,:,:,:,:,:,:,:,:,:,:,:,:,:,:,:,:,:,:,:,:,:,:,:,:,:,:,:,:,:,:,:
PAS,PAS_CRD,TOTAL,TOT,DE,:,:,21788797,19908381,19100564,17906786,15601985,12849806,13146511,13999982,13971638,19660824,20239799,20280099,20428888,18486171,18101677,15798088,15109267,12384170,12226690,12872632,13470542,18926255,19263574,20255751,19625743,18316734,17893241,15683137,14357887,11562591,11708343,12425609,13594679,18004125,18911048,19425021,18487775,17740470,16813839,15024355,13601984,11091453,11325456,11968104,12975666,17533644,18070485,18264238,18268301,17157093,16546922,14557685,13739551,10770018,10931481,11692773,12771018,17074719,17656529,17775789,18231496,16784744,16071844,14556629,13670984,10968126,11336452,12029444,12923012,16808357,17329109,17188516,17716143,16240836,15900122,14225360,13180168,10698666,11076343,11233424,12665076,16654159,16767396,16905822,17048855,15548468,15144847,10879022,13090984,9985787,10206993,11063163,11694721,15227995,15228687,15721894,15921946,14549896,14016620,12980794,11939720,9854594,9948799,10777017,11603290,15440396,15956330,16121924,16396920,15401855,15249943,13549283,13123291,11200455,10938142,11315762,12284085,15756777,16143437,16215054,16283893,15033807,14375827,13107702,12782401,10167109,10319039,10631657,11277211,14599495,15298559,15184374,15230896,14636619,13782101,12701064,11620184,9424905,9703012,9884143,10778423,14199040,14662276,14608672,14463849,13300644,13009582,11647003,11269127,9033146,9246574,9172686,10196304,13571271,13809926,13734489,13145060,12114425,11924284,10675870,10421204,8730866,8413479,8342819,9299098,12007121,12319460,12564581,11604933,10903388,10011785,9279446,9119146,7776470,7953158,7630393,8356214,11235030,11812954,11532533,11228699,10385954,9894566,9064471,9155753,7211267,6875419,:,:,:,:,:,:,:,:,:,:,:,:,:,:,:,:,:,:,:,:,:,:,:,:,:,:,:,:,:,:,:,:,:,:,:,:,:,:,:,:,:,:,:,:,:,:,:,:,:,:,:,:,:,:,:,:,:,:,:,:,:,:,:,:,:,:,:,:,:,:,:,:,:,:,:,:,:,:,:,:,:,:,:,:,:,:,:,:,:,:,:,:,:,:,:,:,:,:,:,:,:,:,:,:,:,:,:,:
PAS,PAS_CRD,TOTAL,TOT,DK,:,:,:,:,:,2735967,2548235,2208418,2208521,2280069,2398470,3042096,3053033,3131773,3480953,3140864,2904048,2569129,2538415,2159939,2064353,2104646,2261523,2822697,2845032,2927393,3195140,2895624,2631635,2402197,2282557,1872931,1854130,1889708,2036477,2651309,2678530,2813027,3067188,2879216,2633490,2477638,2211555,1849484,1828188,1837397,1998405,2507211,2544427,2647638,2896613,2686885,2447832,2223017,2130275,1779638,1760371,1744328,1983487,2406223,2448005,2489762,2751574,2550316,2286835,2167276,2133485,1808492,1763482,1751419,1942030,2349578,2412756,2448579,2715608,2473470,2303623,2077662,1981175,1685808,1666986,1646992,1847457,2347440,2303136,2430127,2626516,2384090,2156579,1466776,1979184,1609501,1537054,1518590,1659869,2060213,2052684,2153211,2329741,2165052,1917861,1817044,1694359,1455301,1453599,1486165,1667976,2144770,2228404,2355498,2525553,2410382,2220757,2031133,2035878,1816294,1716262,1621757,1831651,2183943,2225669,2309221,2467530,2310372,2086775,1849653,1974714,1578206,1603681,1547564,1741024,2075210,2132964,2152095,2347535,2230437,2015465,1847503,1818485,1569499,1489779,1527325,1698409,2053499,2120804,2081875,2257549,2185240,1899660,1745052,1729768,1449587,1425002,1414588,1570401,1893456,1972165,1943053,2113647,2122492,1837448,1709704,1681524,1431742,1315828,27194,30608,35379,36071,32786,28297,31160,32005,28695,29019,24892,25839,:,:,:,:,:,:,:,:,:,:,:,:,:,:,:,:,:,:,:,:,:,:,:,:,:,:,:,:,:,:,:,:,:,:,:,:,:,:,:,:,:,:,:,:,:,:,:,:,:,:,:,:,:,:,:,:,:,:,:,:,:,:,:,:,:,:,:,:,:,:,:,:,:,:,:,:,:,:,:,:,:,:,:,:,:,:,:,:,:,:,:,:,:,:,:,:,:,:,:,:,:,:,:,:,:,:,:,:,:,:,:,:,:,:,:,:,:,:,:,:
PAS,PAS_CRD,TOTAL,TOT,EE,:,:,:,258805,232518,202889,184307,149119,154185,159822,159672,210284,214518,227497,227231,224055,200537,179293,157596,127811,126673,133411,145370,206634,207006,233652,230818,217155,200502,174411,162494,121827,127698,137147,147570,189193,195525,208671,212112,200877,186132,159035,149286,113710,120548,124998,136779,187840,190431,200405,198795,200012,183407,160495,143652,108612,123139,135094,150764,202796,208067,223484,227873,224968,215075,191656,163573,125804,133273,142742,151528,179521,185063,192778,188606,186556,180284,149330,136764,103790,110607,103343,108565,131427,133593,137726,135412,138498,124222,87198,109021,83729,88328,91741,99473,117547,118201,130153,127751,126721,114900,111148,113514,91136,99009,108989,124648,162880,163838,175725,171877,174431,164670,154608,151716,128992,122056,126729,141092,160734,164875,167764,160384,164122,144700,132606,137816,111159,110524,108907,121077,134208,142449,148901,137989,150192,138741,126664,125432,98509,100063,102204,114572,132715,132407,136068,132923,136447,120272,111009,104218,85205,85065,:,:,:,:,:,:,:,:,:,:,:,:,:,:,:,:,:,:,:,:,:,:,:,:,:,:,:,:,:,:,:,:,:,:,:,:,:,:,:,:,:,:,:,:,:,:,:,:,:,:,:,:,:,:,:,:,:,:,:,:,:,:,:,:,:,:,:,:,:,:,:,:,:,:,:,:,:,:,:,:,:,:,:,:,:,:,:,:,:,:,:,:,:,:,:,:,:,:,:,:,:,:,:,:,:,:,:,:,:,:,:,:,:,:,:,:,:,:,:,:,:,:,:,:,:,:,:,:,:,:,:,:,:,:,:,:,:,:,:,:,:,:,:,:
PAS,PAS_CRD,TOTAL,TOT,EL,:,:,:,:,:,:,:,:,:,1627504,1604824,4022715,6417788,7785589,7576260,5758329,4371155,2258706,1564712,1260146,1295643,1418678,1452899,3382557,5810847,7427749,7014031,5617275,4112577,2227095,1347345,1091972,1193377,1302615,1319184,3309727,5542649,7000561,6628494,5377590,3771893,1955110,1079638,887154,943218,1035366,1047697,2791126,5011620,6073082,5768258,4735479,3348977,1518730,1020534,804904,868161,977414,1005551,2478639,4613948,5629745,5446517,4307437,2971253,1765467,1059203,856022,971140,1059687,1035114,2732079,4706546,5797464,5653529,4524096,3265986,1819762,1178419,932804,1065253,1157329,1175718,2657051,4385964,5485981,5185291,4044552,3122080,1669686,1383457,1095128,1225835,1341133,1298123,2782423,4502332,5558968,5217242,4303463,3172718,1918996,1226701,998901,1119269,1271402,1257373,2877142,4710828,5824781,5488560,4590133,3538440,1825913,1396536,1067746,1210950,1366195,1296826,2999767,4932123,5903396,5628003,4524993,3437645,1940488,1347840,1031868,1158081,1235177,1149378,2949990,4575473,5403757,5202060,4196152,3174894,1794066,1145470,904166,1031757,1086604,1042752,2822648,4288457,5048527,4795195,3864046,3132191,1560033,1212642,897549,1047883,1080153,1054029,2785668,4103543,4809733,4386776,3672763,2990402,1663306,1182063,848249,932577,1028655,994499,2661478,4105513,4951541,4350153,3861055,2125290,1464879,951243,795160,875961,:,:,:,:,:,:,:,:,:,:,:,:,:,:,:,:,:,:,:,:,:,:,:,:,1215720,1044242,2936447,4259348,4877679,4640414,3957891,3101278,1860483,1043568,870969,917426,948972,914375,2745109,3938857,4611411,4221664,3445651,2824310,1540516,926378,689719,787009,967707,793486,2279457,3330263,3991369,3617461,3039376,2508182,1401525,794111,646322,734534,:,:,:,:,:,:,:,:,:,:,:,:,:,:,:,:,:,:,:,:,:,:,:,:,:,:,:,:,:,:,:,:,:,:,:,:,:,:,:,:,:,:,:,:,:,:,:,:,:,:,:,:,:,:,:,:,:,:,:,:
PAS,PAS_CRD,TOTAL,TOT,ES,:,:,:,:,:,:,14162252,11510948,11721882,12331031,12408391,18353580,19829990,22166098,22032687,19024463,17691974,15092080,13524242,10841422,10576079,10820392,11297437,16311112,17960010,20551587,19737822,17215856,15967412,14086347,11835533,9372113,9496882,9979659,10351465,15099949,17167348,19714262,18749280,16622395,15007861,13704291,11106476,8844369,9007027,9566992,10040406,14422718,16374282,18561941,18047426,15887131,14353500,12416632,11025940,8444049,8590956,9125830,9566851,14226372,16475542,18585614,18459434,16003971,14220143,13210008,11382871,9207701,9306924,9940712,10276522,15062648,16745596,18880593,18690572,15977882,14564261,13999066,11961986,9579589,9473803,9400115,10341695,14441446,15381718,17854488,17291187,14735901,13526313,11208040,11320004,9029981,8856126,9522772,9772908,13206710,14437063,17000021,16465419,14164597,13062832,12440141,10714764,8901151,8629920,9390072,9913394,13657568,15365248,18175858,17403961,15518137,14805883,12920721,13253633,10812897,10183580,10656612,11257946,14922031,16452272,18187792,17709687,15541569,14161323,13179628,12145696,9837821,9470633,9943187,10207193,13836815,15045971,16528210,16038742,14348974,13349839,12524915,10898265,8976000,8901180,9355920,9861281,13423083,14512208,16278663,15702180,13234471,12518228,10848254,10797618,8659563,8488402,8416755,8751127,12190589,12886553,14715875,13797509,12107988,11279713,10296709,9484238,8299237,7545085,7580694,8184430,11064580,12028163,14041066,12737438,11540400,10653583,9638564,8673231,7140244,6956485,6962918,7487386,10351609,11544775,12745469,11891801,10723949,9871900,8762102,8797964,6789693,6308188,6433532,7022808,10008934,11843184,12522613,12195277,11099800,10166339,9675125,8538828,6836580,6593583,6766436,7238474,10567689,11520765,11924358,11907583,10491000,9817291,9283393,8081287,6377942,5994933,:,:,:,:,:,:,:,:,:,:,:,:,:,:,:,:,:,:,:,:,:,:,:,:,:,:,:,:,:,:,:,:,:,:,:,:,:,:,:,:,:,:,:,:,:,:,:,:,:,:,:,:,:,:,:,:,:,:,:,:,:,:,:,:,:,:,:,:,:,:,:,:,:,:,:,:,:,:,:,:,:,:,:,:
PAS,PAS_CRD,TOTAL,TOT,EU27,:,:,:,:,:,:,:,:,:,68682909,66441827,88135547,96384857,105384833,105258161,91764970,85881717,75112474,69662807,58964700,59023131,61660040,61936553,82973062,90934778,101746799,99237641,88598159,82130370,72747332,65054504,53802922,55661556,59067564,59380385,78652487,86429527,97511866,93828732,85933200,78178849,70676990,61454053,50918248,53199629,56348549,56691515,75074068,83429001,91735767,90183834,81817368,75254442,66028016,61045116,48971710,50820426,54087397,55564483,72401020,81470847,88599857,88943194,79576461,72298106,66997312,60563407,50190876,52356878,55251920,55649637,73248783,80969241,87476137,88679326,77912388,72418168,66548341,59235562,49001189,51754539,51870029,55256475,71906013,76809872,85035617,84206702,73828476,68272843,52664188,58461667,47536785,48706765,52100904,52296802,66708133,72020893,81438086,80147323,70794906,65609255,61657553,55136300,46185145,47760294,51464108,52325515,68616222,75698645,85199952,83616254,76451086,72064628,63899913,63134101,53176544,52978501,56601511,57980624,72719680,79914142,86385485,85470840,76694146,70215869,64778236,61638838,50324941,51703525,:,:,:,:,:,:,:,:,:,:,:,:,:,:,:,:,:,:,:,:,:,:,:,:,:,:,:,:,:,:,:,:,:,:,:,:,:,:,:,:,:,:,:,:,:,:,:,:,:,:,:,:,:,:,:,:,:,:,:,:,:,:,:,:,:,:,:,:,:,:,:,:,:,:,:,:,:,:,:,:,:,:,:,:,:,:,:,:,:,:,:,:,:,:,:,:,:,:,:,:,:,:,:,:,:,:,:,:,:,:,:,:,:,:,:,:,:,:,:,:,:,:,:,:,:,:,:,:,:,:,:,:,:,:,:,:,:,:,:,:,:,:,:,:,:,:,:,:,:,:,:,:,:,:,:,:,:,:,:,:,:,:,:,:,:,:,:,:
PAS,PAS_CRD,TOTAL,TOT,EU28,:,:,:,:,:,:,:,:,:,68759741,66523496,88300316,96639674,105703468,105632053,92012070,86044891,75209727,69750474,59029058,59087598,61729808,62012764,83110144,91152778,102033913,99550053,88810481,82285754,72845035,65132903,53861779,55723643,59133740,59450578,78782933,86648977,97802678,94146632,86160205,78330725,70779687,61522595,50969682,53254712,56407815,56753362,75186680,83643367,92012649,90484901,82042465,75391135,66122017,61118991,49024252,50878488,54148967,55637385,72528044,81711928,88880161,89257165,79812057,72431335,67088467,60625668,50234120,52403881,55302911,55715019,73356685,81174771,87740962,88981234,78110947,72545832,66642909,59295644,49052687,51807778,51925247,55326034,72009408,77007151,85299233,84487812,74015253,68388092,52732903,58520041,47580965,48755441,52153373,52354764,66804560,72183054,81674554,80388376,70963869,65720362,61736717,55198486,46234625,47818580,51528699,52393696,68716613,75880913,85452207,83863065,76629033,72175256,63976994,63204068,53227645,53032604,:,:,:,:,:,:,:,:,:,:,:,:,:,:,:,:,:,:,:,:,:,:,:,:,:,:,:,:,:,:,:,:,:,:,:,:,:,:,:,:,:,:,:,:,:,:,:,:,:,:,:,:,:,:,:,:,:,:,:,:,:,:,:,:,:,:,:,:,:,:,:,:,:,:,:,:,:,:,:,:,:,:,:,:,:,:,:,:,:,:,:,:,:,:,:,:,:,:,:,:,:,:,:,:,:,:,:,:,:,:,:,:,:,:,:,:,:,:,:,:,:,:,:,:,:,:,:,:,:,:,:,:,:,:,:,:,:,:,:,:,:,:,:,:,:,:,:,:,:,:,:,:,:,:,:,:,:,:,:,:,:,:,:,:,:,:,:,:,:,:,:,:,:,:,:,:,:,:,:,:
PAS,PAS_CRD,TOTAL,TOT,FI,1767359,1791313,1830037,1825647,1694938,1574730,1583773,1414963,1444450,1583041,1368336,1583955,1584146,1597493,1642879,1644550,1526576,1419066,1489029,1350495,1310388,1438195,1315051,1590824,1530338,1579508,1607679,1599596,1474746,1410426,1440440,1246082,1246361,1366008,1261839,1546467,1495137,1537721,1563729,1609155,1465517,1420894,1426007,1226866,1252591,1335842,1193585,1478043,1461236,1493923,1538437,1537015,1420393,1357674,1377146,1181445,1190652,1276573,1197779,1433370,1415054,1415810,1454574,1516745,1415611,1388408,1437276,1251262,1256353,1321809,1197710,1468349,1431985,1435078,1514558,1550563,1443210,1367587,1351546,1130671,1161332,1085463,1137520,1342615,1286259,1275217,1303233,1346123,1222318,860070,1267800,1041402,1052616,1143812,998944,1245146,1190619,1206785,1204512,1238698,1116133,1156982,1194677,1052127,1080377,1228314,1116905,1324956,1308789,1269998,1214618,1332974,1214026,1230943,1301938,1157842,1149379,1269029,1138146,1288692,1273912,1233204,1189473,1325551,1174577,1152869,1284497,1056147,1078478,1207084,1063524,1149987,1189765,1127664,1101161,1241232,1126354,1112325,1178650,968298,977321,1093909,986874,1102246,1087306,1023400,994443,1126071,1015731,1032758,1075380,908953,901042,1062801,930616,1037994,1034282,976481,936229,1056174,977351,1002076,1045833,892002,833405,970019,888964,985891,926181,894710,794836,900478,822325,842553,931726,781830,776851,864842,802272,909440,899860,878445,801315,921062,874348,898985,923125,764741,757319,:,:,:,:,:,:,:,:,:,:,:,:,:,:,:,:,:,:,:,:,:,:,:,:,:,:,:,:,:,:,:,:,:,:,:,:,:,:,:,:,:,:,:,:,:,:,:,:,:,:,:,:,:,:,:,:,:,:,:,:,:,:,:,:,:,:,:,:,:,:,:,:,:,:,:,:,:,:,:,:,:,:,:,:,:,:,:,:,:,:,:,:,:,:,:,:,:,:,:,:,:,:,:,:,:,:,:,:
PAS,PAS_CRD,TOTAL,TOT,FR,:,:,:,13865922,13621828,13458523,11307806,9889795,10253797,10946598,9949680,12800607,13186592,14960069,15149533,13145572,13084979,12357616,10762407,9417457,9496004,9891773,9279859,12573842,12976938,15051150,14637298,12990793,12887801,11754598,10519596,8973519,9330402,10030550,9364723,11970793,11434540,14548741,13913622,12867582,12405522,11763853,10378139,8617924,9064682,9714737,9203807,11513218,12216344,13836436,13550913,12210129,12105100,11183932,10306089,8273792,8648378,9310893,9179142,10927954,11946555,13192853,13536826,11922585,11431852,11277694,9951848,8335525,8750735,9333602,8842730,10897892,11558810,12483700,13202996,11527957,11260615,10846023,9490702,8033804,8534426,8577425,8635091,10530337,10788765,12287209,12556643,10957697,10829461,8650577,9252808,7617465,8013729,8582517,8261298,10025400,10320177,12080863,12133846,10684003,10515232,10362234,8966811,7658635,8045373,8751908,8340419,10281331,10729525,12471864,12472007,11378347,11117595,10500760,9979733,8342393,8594433,8867599,8625585,9945675,10927076,11976902,12265957,10967675,10273120,10344961,9586578,7895799,8360295,8501787,8084253,9617121,10245613,10934491,11433867,10402951,10087698,9851415,8590583,7498225,7941374,7988585,7668278,9089267,9791505,10590594,10999815,9918820,9663623,9047025,8386735,7178204,7642255,7560526,7206495,8932020,9333168,10205211,10312714,9371444,9051405,8817937,7946644,7130082,7175279,7309608,6912533,8452464,8847322,9834246,9560203,8652242,7725245,7733407,7561702,6701712,7005007,7203371,6801675,8428693,8829782,9554387,9571824,8712067,8319556,8314815,7853451,6521083,6422410,:,:,:,:,:,:,:,:,:,:,:,:,:,:,:,:,:,:,:,:,:,:,:,:,:,:,:,:,:,:,:,:,:,:,:,:,:,:,:,:,:,:,:,:,:,:,:,:,:,:,:,:,:,:,:,:,:,:,:,:,:,:,:,:,:,:,:,:,:,:,:,:,:,:,:,:,:,:,:,:,:,:,:,:,:,:,:,:,:,:,:,:,:,:,:,:,:,:,:,:,:,:,:,:,:,:,:,:
PAS,PAS_CRD,TOTAL,TOT,HR,:,1577489,1647474,1171531,841810,527746,239268,177653,192291,210356,230064,656370,1012613,1322025,1383725,963074,715450,389458,243427,174996,173905,189154,208369,547767,883847,1172321,1152439,839919,658218,380684,216813,155406,166761,184995,198128,489393,815629,1105922,1093161,794425,602715,375079,186427,141801,153122,168600,178920,460880,768825,1000912,977493,755721,560226,339615,211298,140794,159163,169207,193347,439787,758058,908165,928203,709014,512233,335479,187426,130763,150950,162005,183934,401534,658544,843311,854380,614351,473513,325456,180339,138530,153339,158747,178953,374507,624156,840333,806225,580173,449899,236397,168552,120439,139033,152096,163100,338071,553295,739137,692929,538352,423932,277645,169614,132905,154132,171141,180463,348109,585289,733187,687506,558282,447852,279559,209459,145419,158411,:,:,:,:,:,:,:,:,:,:,:,:,:,:,:,:,:,:,:,:,:,:,:,:,:,:,:,:,:,:,:,:,:,:,:,:,:,:,:,:,:,:,:,:,:,:,:,:,:,:,:,:,:,:,:,:,:,:,:,:,:,:,:,:,:,:,:,:,:,:,:,:,:,:,:,:,:,:,:,:,:,:,:,:,:,:,:,:,:,:,:,:,:,:,:,:,:,:,:,:,:,:,:,:,:,:,:,:,:,:,:,:,:,:,:,:,:,:,:,:,:,:,:,:,:,:,:,:,:,:,:,:,:,:,:,:,:,:,:,:,:,:,:,:,:,:,:,:,:,:,:,:,:,:,:,:,:,:,:,:,:,:,:,:,:,:,:,:,:,:,:,:,:,:,:,:,:,:,:,:
PAS,PAS_CRD,TOTAL,TOT,HU,:,:,:,1220774,1157938,1109989,960414,799446,831890,903170,884785,1065768,1121010,1176956,1183436,1075345,1034856,945560,864379,699171,713715,744577,752491,934344,1011625,1078720,1075252,962939,889794,832834,734142,593555,618079,670599,679108,829087,865929,931501,934635,857524,803513,750537,659573,523710,549132,604423,634860,783695,817465,858503,863295,789589,758972,697543,631657,486058,515259,591889,637654,788861,830617,889178,881360,787490,753980,709210,575200,419823,564581,628919,644185,841588,891149,956938,948208,824960,774921,733021,628579,486733,525636,554555,596694,773382,846989,939987,894455,777058,715906,541430,584573,453522,495959,548905,577937,766245,829149,918750,868608,742931,694427,672144,547535,427903,486533,504959,561073,755112,847260,940875,905649,799066,735769,670298,645497,524222,539302,560060,608238,767996,882610,976158,938305,812377,734768,703103,618197,472650,505799,519622,535602,738592,838831,940264,921735,792044,733110,672305,583455,464722,505638,517510,559701,727377,820558,881777,875632,765085,696487,627054,573345,426943,446614,468320,498016,629694,677580,733160,697102,600519,533454,479490,403662,324526,334849,364061,383453,511366,546634,592661,554926,464319,397780,353603,310547,250618,280429,295647,310176,403173,462743,509846,483443,430296,386411,345120,339422,247650,254894,:,:,:,:,:,:,:,:,:,:,:,:,:,:,:,:,:,:,:,:,:,:,:,:,:,:,:,:,:,:,:,:,:,:,:,:,:,:,:,:,:,:,:,:,:,:,:,:,:,:,:,:,:,:,:,:,:,:,:,:,:,:,:,:,:,:,:,:,:,:,:,:,:,:,:,:,:,:,:,:,:,:,:,:,:,:,:,:,:,:,:,:,:,:,:,:,:,:,:,:,:,:,:,:,:,:,:,:
PAS,PAS_CRD,TOTAL,TOT,IE,:,:,:,3409826,3035462,2873909,2488255,2047024,2111674,2281202,2301847,2900820,3005348,3435748,3511306,3254976,2931551,2584486,2460497,1981597,1946331,2040120,2116104,2686258,2737235,3150799,3237804,2991649,2667991,2391401,2113431,1715433,1696795,1839359,1860815,2365394,2461078,2861199,2871256,2628941,2411882,2217914,1797047,1492142,1503799,1678665,1681008,2162067,2301190,2680247,2712369,2485996,2272742,1969497,1860162,1405008,1394689,1574476,1612965,2074650,2238958,2548058,2557640,2367876,2125365,1960461,1732080,1419713,1381847,1504397,1557258,1945142,2140421,2523797,2591962,2318567,2168082,1953483,1756104,1450602,1453074,1392322,1607649,2127415,2191603,2570129,2576637,2294144,1968408,1464440,1865279,1548150,1488034,1687811,1720690,2166647,2296243,2767318,2763290,2516246,2364129,2200740,2141293,1819566,1824914,1929489,1982107,2513447,2684035,3227917,3153304,2919235,2789002,2327588,2486507,2041352,1964304,2095002,2136993,2561307,2838701,3192072,3173659,2889450,2593462,2363617,2256978,1899907,1838872,1957834,1960984,2373141,2605160,2930663,2997223,2667915,2463440,2220572,1978280,1721948,1680973,1744413,1771100,2114755,2312460,2603318,2650305,2375583,2151738,1779702,1809085,1489107,1452732,1433285,1435664,1863045,1975605,2247221,2276555,2003326,1823279,1597352,1512296,1397138,1286587,:,:,:,:,:,:,:,:,:,:,:,:,1228205,1248258,1604330,1834534,2053164,1977392,1780142,1602880,1307040,1384681,1151208,1063352,1034540,1183087,1495093,1746723,1994128,1963075,1800596,1537577,1317982,1194943,1057824,990553,996139,1148003,1478614,1719065,1878495,1905112,1684654,1484025,1272906,1219034,996562,903108,933179,1020095,1359401,1493732,1747146,1710277,1525855,1347822,1132222,1144653,946737,874192,:,:,:,:,:,:,:,:,:,:,:,:,:,:,:,:,:,:,:,:,:,:,:,:,:,:,:,:,:,:,:,:,:,:,:,:,:,:,:,:,:,:,:,:,:,:,:,:,:,:,:,:,:,:,:,:,:,:,:,:,:,:,:,:,:,:,:,:,:,:,:,:
PAS,PAS_CRD,TOTAL,TOT,IS,:,:,:,:,:,:,580644,486050,493026,514021,495362,613475,699524,892242,897526,759896,535300,380478,400744,324020,289226,307972,314002,411357,487014,659624,661154,567877,399348,297198,281710,229769,230263,242577,245876,311089,368447,535310,544982,453383,303140,260049,228468,177948,182345,198396,198240,264782,297105,454819,463121,382533,253735,203640,195628,144807,142460,151574,163375,229782,263928,406267,422464,333123,208978,180068,148758,117429,114945,126391,129856,192549,218425,384621,399735,322821,184382,162188,127509,105913,108504,117030,119946,174942,189592,319228,330756,249365,137825,99345,116277,90607,91443,:,:,:,:,:,:,:,:,:,:,:,:,:,:,:,:,:,:,:,:,:,:,:,:,134791,155883,202395,213287,331948,351386,291478,202622,179359,149776,109187,140001,133042,145678,193196,203463,300939,319577,275092,187905,172850,136463,102000,107831,119326,130547,172316,191688,284002,302795,254275,168986,136659,145833,101923,102750,104791,122796,157691,162630,250839,267488,222571,156846,150875,115187,90098,86795,91971,101067,136249,140887,211047,216737,178752,121389,123895,99365,67997,72222,:,:,:,:,:,:,:,:,:,:,:,:,:,:,:,:,:,:,:,:,:,:,:,:,:,:,:,:,:,:,:,:,:,:,:,:,:,:,:,:,:,:,:,:,:,:,:,:,:,:,:,:,:,:,:,:,:,:,:,:,:,:,:,:,:,:,:,:,:,:,:,:,:,:,:,:,:,:,:,:,:,:,:,:,:,:,:,:,:,:,:,:,:,:,:,:,:,:,:,:,:,:,:,:,:,:,:,:,:,:,:,:,:,:,:,:,:,:,:,:
PAS,PAS_CRD,TOTAL,TOT,IT,:,:,:,:,:,:,10060400,8302091,8758404,9291597,9051379,11963985,13488789,14826238,14712683,12825830,12066943,10733527,9523713,8030288,7990002,8339951,8468135,11486015,12903907,14320024,13848766,12365912,11528761,10615838,8920973,7269876,7597063,8057282,8030292,10685505,12263280,13842982,13192302,11893121,10903623,10153809,8342385,6679993,7120013,7550789,7527223,10133450,11661396,12849607,12541097,11365607,10467693,9562006,8249254,6496657,6867147,7330393,7454552,10008912,11701236,12961707,12650094,11125321,10391146,9964007,8414870,6638336,7388814,7728799,7661389,10338854,11512100,12830224,12510013,10973302,10282959,9660975,8515864,6745670,7466518,7520625,7654898,9983971,10860953,12346536,11618856,10208827,9723619,7983409,8049844,6415124,6698291,7060440,6882738,8893713,9928390,11483948,10806347,9547907,9141778,8702012,7365630,5951747,6059122,6487723,6474028,8699179,10055792,11675061,10974879,10146082,9572109,8637582,8495895,6943328,7055245,7355953,7330419,9438025,10544540,11473918,11188169,10007140,9183633,8981674,7864441,6316940,6609406,6759468,6533208,8401980,9432864,10338185,10081084,9096729,8615605,7879393,6900394,5850038,6025434,6166675,6048975,7668897,8495911,9398876,9227364,8428492,7839249,7116434,6721998,5230842,5562725,5542484,5611693,7218424,8036748,9115187,8526181,7441742,7030642,6662401,6054762,4934066,5039235,5340217,5337723,6734027,7417287,8281777,7355473,6742541,6206736,5655880,5486900,4650278,4708183,4528274,4524042,5888273,6622554,7108363,6521854,6059496,5800656,5485966,5254783,4062077,3371242,3220399,3353189,4518937,5920143,6576508,6397979,6020254,5587315,5498675,5039937,4072591,4134674,:,:,:,:,:,:,:,:,:,:,:,:,:,:,:,:,:,:,:,:,:,:,:,:,2384251,2393354,1831813,3695530,4186384,3592365,3282709,3255646,3074412,2864080,2178708,2313140,:,:,:,:,:,:,:,:,:,:,:,:,:,:,:,:,:,:,:,:,:,:,:,:,:,:,:,:,:,:,:,:,:,:,:,:,:,:,:,:,:,:,:,:,:,:,:,:,:,:,:,:,:,:,:,:,:,:,:,:
PAS,PAS_CRD,TOTAL,TOT,LT,:,:,:,527185,509867,450281,382151,325292,356201,359609,356896,445710,459864,481508,472843,468278,449543,379443,330386,283891,299590,300785,313121,415821,415294,434365,419566,409294,398327,338835,284033,240974,256974,261469,274198,358264,364973,398920,398776,390726,374149,314497,240029,201503,220606,233513,252704,343298,345048,370828,374024,349189,316506,272823,226890,188677,208858,213355,218118,281707,298720,334171,338860,325816,284485,246725,224796,191824,208051,215823,211285,247729,258060,277957,277276,269354,254462,197859,176595,146140,159451,160999,172006,204246,219929,247576,251326,241179,214385,141447,167915,126238,135588,137969,142355,170558,176853,198106,198164,178560,157008,139793,131690,107205,128930,144962,160288,215918,247298,273560,270376,263182,242584,210890,197827,160761,164428,159040,175837,202438,210028,227276,219894,217118,192787,166424,157872,125809,141436,137777,133738,161902,176451,198518,195494,188304,156947,133502,114846,94973,106743,106426,105974,130301,142207,158276,163303,152368,124303,104268,94078,70950,81787,:,:,:,:,:,:,:,:,:,:,:,:,:,:,:,:,:,:,:,:,:,:,:,:,:,:,:,:,:,:,:,:,:,:,:,:,:,:,:,:,:,:,:,:,:,:,:,:,:,:,:,:,:,:,:,:,:,:,:,:,:,:,:,:,:,:,:,:,:,:,:,:,:,:,:,:,:,:,:,:,:,:,:,:,:,:,:,:,:,:,:,:,:,:,:,:,:,:,:,:,:,:,:,:,:,:,:,:,:,:,:,:,:,:,:,:,:,:,:,:,:,:,:,:,:,:,:,:,:,:,:,:,:,:,:,:,:,:,:,:,:,:,:,:
PAS,PAS_CRD,TOTAL,TOT,LU,:,:,:,:,:,316249,241937,207438,203264,232661,229082,277679,284488,295591,294609,262180,272850,260311,228582,181066,165143,190952,198946,243720,263799,290356,269176,244206,248165,233869,177748,149261,141553,168409,173497,218157,238743,265677,241377,238155,226912,212059,176868,137109,137003,149691,153638,201148,220863,243204,231127,202249,200642,173688,160224,118029,114824,128408,141639,163337,194734,207332,205105,172785,164146,161565,136146,113572,105222,121936,125482,161359,176505,193425,191173,162270,165305,152662,123680,160557,102426,108444,125126,156029,160557,181231,171422,146022,148029,110824,119457,94995,91560,104691,111004,138528,144149,168344,162093,143922,142806,134653,104994,90869,89208,100521,113943,149618,164008,183821,180641,159706,158296,147870,128015,105300,121478,110903,119893,150760,165451,171728,170176,152745,142858,133169,124236,96746,95800,103230,112680,143716,160126,168033,166416,156211,144770,137838,112833,95093,96458,100393,103358,135787,153058,164463,161247,142521,143894,133309,111799,95763,92560,:,:,:,:,:,:,:,:,:,:,:,:,:,:,:,:,:,:,:,:,:,:,:,:,:,:,:,:,:,:,:,:,:,:,:,:,:,:,:,:,:,:,:,:,:,:,:,:,:,:,:,:,:,:,:,:,:,:,:,:,:,:,:,:,:,:,:,:,:,:,:,:,:,:,:,:,:,:,:,:,:,:,:,:,:,:,:,:,:,:,:,:,:,:,:,:,:,:,:,:,:,:,:,:,:,:,:,:,:,:,:,:,:,:,:,:,:,:,:,:,:,:,:,:,:,:,:,:,:,:,:,:,:,:,:,:,:,:,:,:,:,:,:,:
PAS,PAS_CRD,TOTAL,TOT,LV,:,:,:,592244,526446,486257,418807,343039,368759,399937,383505,476052,493663,557813,555092,519845,475231,421484,414207,334730,352601,381056,380326,446661,469108,546332,552644,514698,464323,407212,369701,294333,319462,342927,345500,418540,448863,507467,513811,486863,425332,397080,331701,275750,308448,327678,329092,412213,437888,493887,515406,483846,439029,396360,353815,281770,311273,329073,321931,412979,446674,496021,510106,470617,423411,395847,345849,285398,316624,336128,335079,449567,480465,547782,567419,531550,478161,434357,358790,278002,301060,322793,322478,428135,453749,517741,520701,472480,409865,296259,343938,271425,296334,317227,307259,374590,386600,427629,431191,385680,351128,325975,274606,224450,256369,273991,273782,335215,360836,395017,390662,346074,318499,272748,266073,221701,232731,243426,251443,295807,305171,328846,320547,301809,271804,246287,220902,177395,192334,198469,196468,225512,236292,253702,247906,232124,213724,194329,183018,146476,160045,160339,158756,180753,178901,194946,190114,180187,160238,138927,131270,96676,100933,105066,103746,96512,104839,109658,105295,102488,87509,74434,64455,51704,50335,:,:,:,:,:,:,:,:,:,:,:,:,:,:,:,:,:,:,:,:,:,:,:,:,:,:,:,:,:,:,:,:,:,:,:,:,:,:,:,:,:,:,:,:,:,:,:,:,:,:,:,:,:,:,:,:,:,:,:,:,:,:,:,:,:,:,:,:,:,:,:,:,:,:,:,:,:,:,:,:,:,:,:,:,:,:,:,:,:,:,:,:,:,:,:,:,:,:,:,:,:,:,:,:,:,:,:,:,:,:,:,:,:,:,:,:,:,:,:,:,:,:,:,:,:,:,:,:,:,:,:,:
PAS,PAS_CRD,TOTAL,TOT,ME,:,:,:,300177,154985,114584,75908,60667,64574,69774,69395,122229,268580,349016,340743,237843,122708,88263,64918,53421,58574,:,:,:,:,:,:,:,:,:,:,:,:,:,:,:,:,:,:,:,:,:,:,:,:,:,:,:,:,:,:,:,:,:,:,:,:,:,:,:,:,:,:,:,:,:,:,:,:,:,:,:,:,:,:,:,:,:,:,:,:,:,:,:,:,:,:,:,:,:,:,:,:,:,:,:,:,:,:,:,:,:,:,:,:,:,:,:,:,:,:,:,:,:,:,:,:,:,:,:,:,:,:,:,:,:,:,:,:,:,:,:,:,:,:,:,:,:,:,:,:,:,:,:,:,:,:,:,:,:,:,:,:,:,:,:,:,:,:,:,:,:,:,:,:,:,:,:,:,:,:,:,:,:,:,:,:,:,:,:,:,:,:,:,:,:,:,:,:,:,:,:,:,:,:,:,:,:,:,:,:,:,:,:,:,:,:,:,:,:,:,:,:,:,:,:,:,:,:,:,:,:,:,:,:,:,:,:,:,:,:,:,:,:,:,:,:,:,:,:,:,:,:,:,:,:,:,:,:,:,:,:,:,:,:,:,:,:,:,:,:,:,:,:,:,:,:,:,:,:,:,:,:,:,:,:,:,:,:,:,:,:,:,:,:,:,:,:,:,:,:,:,:,:,:,:,:
PAS,PAS_CRD,TOTAL,TOT,MK,:,:,200927,150935,150203,148530,125167,105265,122521,126578,120928,142901,152519,174883,173715,142332,148562,135013,120668,102178,109097,117650,109928,132612,145965,173158,164341,118070,117097,109741,95457,80079,88275,:,:,:,:,:,:,:,:,:,:,:,:,:,:,:,:,:,:,:,:,:,:,:,:,:,:,:,:,:,:,:,:,:,:,:,:,:,:,:,:,:,:,:,:,:,:,:,:,:,:,:,:,:,:,:,:,:,:,:,:,:,:,:,:,:,:,:,:,:,:,:,:,:,:,:,:,:,:,:,:,:,:,:,:,:,:,:,:,:,:,:,:,:,:,:,:,:,:,:,:,:,:,:,:,:,:,:,:,:,:,:,:,:,:,:,:,:,:,:,:,:,:,:,:,:,:,:,:,:,:,:,:,:,:,:,:,:,:,:,:,:,:,:,:,:,:,:,:,:,:,:,:,:,:,:,:,:,:,:,:,:,:,:,:,:,:,:,:,:,:,:,:,:,:,:,:,:,:,:,:,:,:,:,:,:,:,:,:,:,:,:,:,:,:,:,:,:,:,:,:,:,:,:,:,:,:,:,:,:,:,:,:,:,:,:,:,:,:,:,:,:,:,:,:,:,:,:,:,:,:,:,:,:,:,:,:,:,:,:,:,:,:,:,:,:,:,:,:,:,:,:,:,:,:,:,:,:,:,:,:,:,:,:,:
PAS,PAS_CRD,TOTAL,TOT,MT,:,:,674358,578615,547696,530576,384308,296250,296876,326325,347081,512794,531962,598366,580475,490381,476921,415413,327525,236648,236555,246851,283648,464557,502896,585218,548107,459298,441921,393315,275334,208896,209516,226512,256261,421724,463215,551450,511411,424329,402098,376940,263404,193334,199354,214760,249133,409751,452294,507646,471210,411953,377948,331729,249360,176821,179424,192855,211538,348711,408212,461917,445374,375404,344254,304270,222042,169801,165969,173544,204499,346552,382528,427575,415785,345885,325326,300123,240447,174877,169673,174630,202718,331918,373574,427924,401969,331346,307181,239553,206541,148497,147697,157854,180236,280364,323734,377283,347223,277833,257509,254929,183984,139745,137982,148674,175906,280191,338065,390548,370764,309146,305834,251576,226544,156211,156440,157392,191181,298376,341772,388662,366170,285949,260309,236958,185814,131787,126998,142692,164570,258458,296694,348320,325794,259980,246454,239435,169069,126377,122027,126992,157089,272720,310084,374058,340130,267426,259086,210517,186719,123704,128715,128091,157629,282544,321750,385753,338031,270061,251452,229843,170712,132765,121490,132770,155337,246211,300973,362569,314912,247546,240265,225060,175902,128062,118035,128475,158199,267286,300713,354182,310860,244915,232408,212748,195221,124029,110769,:,:,:,:,:,:,:,:,:,:,:,:,:,:,:,:,:,:,:,:,:,:,:,:,:,:,:,:,:,:,:,:,:,:,:,:,:,:,:,:,:,:,:,:,:,:,:,:,:,:,:,:,:,:,:,:,:,:,:,:,:,:,:,:,:,:,:,:,:,:,:,:,:,:,:,:,:,:,:,:,:,:,:,:,:,:,:,:,:,:,:,:,:,:,:,:,:,:,:,:,:,:,:,:,:,:,:,:
PAS,PAS_CRD,TOTAL,TOT,NL,:,7611207,7536772,6907804,6993121,6528026,5720426,4790354,5026444,5213813,5165683,6449416,6576720,7119431,7078863,6207078,6411912,5840393,5252915,4512292,4489479,4604308,4700429,5930716,6119316,6592365,6571920,5962631,6067655,5320956,4654178,3977418,4069046,4336293,4323723,5611791,5805826,6263574,6073347,5645814,5621495,5077273,4492598,3772322,3938947,4105762,4101916,5291811,5480775,5945765,5936543,5407814,5443543,4781040,4344687,3565772,3671843,3860122,3946561,5102217,5241635,5673309,5761608,5080549,5030683,4571306,4180715,3553952,3677552,3779133,3809048,5026206,5131716,5542202,5629703,4942149,4919483,4469150,3924284,3253563,3468655,3442207,3721690,4667985,4625749,5059637,5124275,4444855,4449154,3215276,3700319,3051339,3116393,3294937,3357484,4276934,4325009,4812708,4854090,4131981,4175458,3890526,3393083,2893121,3073996,3335765,3446083,4559827,4599205,5024435,5175207,4703777,4712103,4154537,3973418,3347858,3387286,3544953,3645048,4655096,4712149,5119943,5171225,4527742,4564812,4121164,3896514,3212830,3331239,3453723,3534427,4451318,4562395,4875959,5020597,4488328,4472308,3988826,3569860,3000391,3166741,3211698,3357168,4292569,4370971,4692524,4792447,4190281,4322750,3729548,3438242,2954791,3080048,3098476,3240350,4146748,4145965,4477318,4558983,4002454,4068898,3649705,3374767,2916289,2813743,2928096,3059504,3905619,3889008,4188138,4235979,3687023,3544216,3100944,3091222,2732753,2805995,2906950,2968760,3852744,4011056,4267609,4280623,3804431,3853901,3402174,3239199,2659642,2628234,2645418,2720233,3366846,3709451,4237299,4270032,3829234,3771419,3447292,3244566,2657942,2771573,2774474,2992163,3791181,3885371,4084402,4110380,3648092,3692730,3314672,3150511,2629443,2552772,:,:,:,:,:,:,:,:,:,:,:,:,:,:,:,:,:,:,:,:,:,:,:,:,:,:,:,:,:,:,:,:,:,:,:,:,:,:,:,:,:,:,:,:,:,:,:,:,:,:,:,:,:,:,:,:,:,:,:,:,:,:,:,:,:,:,:,:,:,:,:,:,:,:,:,:,:,:,:,:,:,:,:,:
PAS,PAS_CRD,TOTAL,TOT,NO,:,:,:,3770376,3362704,3058976,3089413,2631931,2559648,2608365,2848087,3431930,3441932,3535817,3779389,3672794,3330222,2943188,2985088,2687167,2463567,2527078,2861991,3380538,3460537,3538347,3860820,3702865,3274360,2983248,2932322,2556072,2424874,2511454,2809410,3393742,3448621,3510699,3832517,3781196,3256373,3067109,2957999,2539066,2495009,2513523,2826119,3347082,3393453,3458703,3794724,3562969,3200069,2967096,2787842,2481438,2353346,2354976,2754849,3179052,3207642,3215461,3457613,3242581,3063575,2654649,2798324,2410988,2252515,2251486,2575743,3024297,3016375,2977648,3180199,3134770,2877185,2549220,2569396,2150526,2096677,2090791,2391644,2827636,2809223,2853185,2959234,2904892,2583839,1734707,2398396,2028942,1935960,1946221,2240196,2566977,2532320,2532496,2656471,2705750,2357141,2190037,2217951,1910723,1819336,1814633,2048775,2496958,2540877,2465194,2580140,2742985,2401376,2401662,2222060,2069411,1933084,1848402,2215396,2464218,2459026,2411925,2400749,2558287,2299909,2009873,2154363,1798150,1765333,1700716,1993975,2259537,2194261,2261801,2213895,2375216,2118943,1737539,1962638,1646394,1587591,1593133,1785796,2001461,2035641,1959665,735214,476479,1922399,1748267,1484329,1523450,1313116,1421902,1499718,1848664,1591839,1769243,1746865,2000968,1658219,1551695,1711437,1478343,1342526,1354331,1584785,1768968,1672838,1704614,1680616,1849558,1606375,1460000,1527803,1335493,1279709,1245560,1507896,1721316,1701754,1717150,1722381,1792476,1622001,1555438,1455578,1324129,1266270,:,:,:,:,:,:,:,:,:,:,:,:,:,:,:,:,:,:,:,:,:,:,:,:,:,:,:,:,:,:,:,:,:,:,:,:,:,:,:,:,:,:,:,:,:,:,:,:,:,:,:,:,:,:,:,:,:,:,:,:,:,:,:,:,:,:,:,:,:,:,:,:,:,:,:,:,:,:,:,:,:,:,:,:,:,:,:,:,:,:,:,:,:,:,:,:,:,:,:,:,:,:,:,:,:,:,:,:
PAS,PAS_CRD,TOTAL,TOT,PL,:,:,:,:,:,:,:,:,:,2357456,2359552,2761278,3284762,3482817,3502298,3171901,2797539,2439266,2204920,1949700,1955253,1982795,2004618,2427350,2927441,3186422,3254547,2967020,2565308,2213720,1957806,1701417,1718995,1734532,1811495,2218452,2685396,2917421,2896960,2611773,2274462,1916665,1679867,1454630,1512769,1438423,1509086,1946844,2440270,2624660,2647047,2343424,2139072,1861526,1576466,1347050,1400616,1369108,1326305,1761707,2160440,2326622,2541746,2339536,2084217,1790288,1485978,1280964,1333854,1378056,1404737,1769415,2216804,2313378,2331393,2067128,1831676,1544777,1376838,1153059,1248411,1171139,1240583,1639194,1902745,2113598,2144399,1901034,1643950,1139301,1303859,1080644,1102669,1133912,1141624,1466308,1772377,1861519,1947612,1686471,1475157,1288930,1161951,1036054,1074984,1108053,1147375,1551798,1925557,2012308,2085273,1845196,1712229,1466317,1407622,1227767,1237870,1213446,1267673,1582283,1779690,1840604,1805823,1619430,1482591,1303933,1186147,1001375,1037083,1037124,968452,1307755,1489035,1521918,1508193,1352334,1199760,908028,916060,740918,788226,508614,506176,618883,745354,737030,738950,711232,633870,546048,483752,408236,442180,456225,467793,584925,661817,651217,630643,597216,517530,440740,404749,335892,343139,:,:,:,:,:,:,:,:,:,:,:,:,:,:,:,:,:,:,:,:,:,:,:,:,:,:,:,:,:,:,:,:,:,:,:,:,:,:,:,:,:,:,:,:,:,:,:,:,:,:,:,:,:,:,:,:,:,:,:,:,:,:,:,:,:,:,:,:,:,:,:,:,:,:,:,:,:,:,:,:,:,:,:,:,:,:,:,:,:,:,:,:,:,:,:,:,:,:,:,:,:,:,:,:,:,:,:,:,:,:,:,:,:,:,:,:,:,:,:,:,:,:,:,:,:,:,:,:,:,:,:,:
PAS,PAS_CRD,TOTAL,TOT,PT,:,:,5150817,4637108,4369288,4160684,3176774,2620955,2631630,2778567,2763566,3958885,4257952,4690153,4480139,3904732,3724110,3251850,2722606,2217209,2180275,2269062,2301991,3361709,3713303,4181933,3991036,3519610,3292913,3025639,2420023,1928087,2000508,2073209,2048082,3030231,3392435,3853854,3642049,3151622,3021240,2811629,2108793,1674701,1752776,1881099,1843126,2756451,3095800,3515661,3343127,2869982,2766882,2425026,2025485,1555465,1616042,1715261,1716050,2574315,2941023,3315357,3204945,2708721,2522044,2425516,1911105,1553792,1598125,1658998,1585061,2529331,2865020,3260928,3128150,2635513,2535168,2444347,1891305,1453116,1592770,1664240,1620822,2431524,2681895,3161435,2925232,2404705,2250234,1917346,1772630,1433205,1472232,1598681,1542792,2166658,2392642,2876925,2663771,2228021,2162312,2121157,1628844,1321404,1413106,1519722,1514405,2171218,2520887,2977681,2774797,2370609,2347840,2012749,1999273,1485355,1488365,1538511,1582874,2188090,2532485,2871207,2693880,2242462,2167304,2060583,1741454,1330800,1376588,1426071,1411604,2021208,2230148,2597738,2418908,2048810,1998251,1964154,1496042,1178684,1236577,1260165,1264352,1816086,2098954,2461929,2243579,1879899,1825574,1608003,1510017,1117770,1188325,1094288,1078454,1627040,1916567,2248828,2042122,1837819,1671796,1609894,1226477,1049867,1020003,:,:,:,:,:,:,:,:,:,:,:,:,:,:,:,:,:,:,:,:,:,:,:,:,:,:,:,:,:,:,:,:,:,:,:,:,:,:,:,:,:,:,:,:,:,:,:,:,:,:,:,:,:,:,:,:,:,:,:,:,:,:,:,:,:,:,:,:,:,:,:,:,:,:,:,:,:,:,:,:,:,:,:,:,:,:,:,:,:,:,:,:,:,:,:,:,:,:,:,:,:,:,:,:,:,:,:,:,:,:,:,:,:,:,:,:,:,:,:,:,:,:,:,:,:,:,:,:,:,:,:,:
PAS,PAS_CRD,TOTAL,TOT,RO,:,:,:,:,:,:,:,:,:,1250368,1197198,1385783,1528916,1596717,1539062,1363854,1272960,1140023,1042398,913013,923427,948196,954481,1090903,1239299,1329863,1311140,1186761,1066544,1025725,879055,748383,800361,843219,818137,966097,1094131,1165977,1151537,1044960,920899,869071,726588,624684,682187,735101,726004,844809,1004498,1073249,1054749,957116,897016,776647,714931,571487,661326,679325,659907,815672,975672,1054823,1028325,916364,847431,812732,685541,541357,657077,689858,677046,841676,970996,1019269,991844,916668,856530,803467,681002,581679,657421,671496,663658,747422,889422,974094,926526,820277,731926,647471,657611,528116,590930,621070,579265,669193,807217,886814,840872,737622,642534,643442,575859,470435,509734,617503,516144,677303,833387,886346,835210,763237,714953,634279,453333,424725,674847,692950,515611,506630,587056,898636,733434,636214,518250,532794,394254,414883,477887,386617,418186,518241,427615,441008,590172,389861,366179,466098,374245,239433,282479,278648,270213,316158,361362,387642,370446,312555,290424,255413,233268,196322,221332,:,:,:,:,:,:,:,:,:,:,:,:,:,:,:,:,:,:,:,:,:,:,:,:,:,:,:,:,:,:,:,:,:,:,:,:,:,:,:,:,:,:,:,:,:,:,:,:,:,:,:,:,:,:,:,:,:,:,:,:,:,:,:,:,:,:,:,:,:,:,:,:,:,:,:,:,:,:,:,:,:,:,:,:,:,:,:,:,:,:,:,:,:,:,:,:,:,:,:,:,:,:,:,:,:,:,:,:,:,:,:,:,:,:,:,:,:,:,:,:,:,:,:,:,:,:,:,:,:,:,:,:,:,:,:,:,:,:,:,:,:,:,:,:
PAS,PAS_CRD,TOTAL,TOT,SE,:,:,:,:,:,:,2960279,2516505,2548131,2661754,2799992,3227602,3361783,3355740,3482287,3379659,3248608,2857043,2824061,2426724,2327305,2415712,2626889,3118744,3232347,3211651,3282679,3289800,3060472,2767361,2598818,2205212,2201578,2310560,2481019,3013014,3033431,3070232,3105789,3237905,2978260,2707337,2515145,2142331,2171020,2247577,2459147,2900813,2959758,2941941,2963348,3014715,2910807,2580425,2404753,2028734,2031207,2078701,2393372,2765716,2810983,2754328,2729520,2877018,2806208,2516209,2459172,2095665,2063957,2159200,2366802,2727798,2816920,2698423,2700228,2817887,2776014,2426121,2344965,1944805,1953084,2017975,2224991,2533992,2599314,2504682,2403868,2556704,2424184,1611699,2213762,1805106,1750487,1869239,2032459,2282222,2307655,2251918,2173995,2402398,2249275,2076872,2086058,1753626,1733067,1862417,2032981,2472667,2567328,2466974,2353965,2660572,2603362,2363522,2344691,2085137,2003734,2019236,2289770,2488277,2517743,2392927,2242936,2517941,2388607,2168419,2248107,1857026,1836264,1872644,2117603,2340690,2382713,2271733,2110109,2434748,2391363,2124677,2134485,1786214,1777742,1562719,1766380,1911004,2014413,1821571,1697696,2025168,1886285,1740627,1710192,1455503,1405611,1485376,1646431,1816081,1871954,1750370,1586155,1910843,1815532,1658577,1685443,1412852,1317399,:,:,:,:,:,:,:,:,:,:,:,:,:,:,:,:,:,:,:,:,:,:,:,:,:,:,:,:,:,:,:,:,:,:,:,:,:,:,:,:,:,:,:,:,:,:,:,:,:,:,:,:,:,:,:,:,:,:,:,:,:,:,:,:,:,:,:,:,:,:,:,:,:,:,:,:,:,:,:,:,:,:,:,:,:,:,:,:,:,:,:,:,:,:,:,:,:,:,:,:,:,:,:,:,:,:,:,:,:,:,:,:,:,:,:,:,:,:,:,:,:,:,:,:,:,:,:,:,:,:,:,:
PAS,PAS_CRD,TOTAL,TOT,SI,:,:,198138,155990,146257,132239,108964,89864,89396,95309,98970,131941,151446,165069,163219,135757,116499,100549,93923,77976,73494,80274,93800,127953,157020,179590,171445,149291,128070,112310,90902,72252,73096,80392,84507,117440,143071,162798,147871,127746,107401,99129,86324,75132,75317,77524,83513,109756,135136,153564,152199,128936,115488,97807,81785,65692,64366,63308,76379,94825,126808,135835,143571,116170,100190,93078,82513,68612,66588,72153,82910,112567,147196,167795,172260,142041,117676,105974,88116,73379,76725,79609,84918,121760,156074,196193,188943,143262,122920,49478,87937,73821,77426,80431,88506,122132,154251,185820,185835,148282,117782,105014,84315,72201,78822,82922,94715,138357,169436,194259,202971,180234,148179,135433,110366,97225,94880,93992,102294,139907,169267,181023,184328,152172,122747,107453,91333,78064,81866,78917,87629,114544,145742,168367,166899,129882,110311,89788,85154,72597,77503,76850,80936,104541,135098,151705,155094,121426,93466,85306,77320,64398,71027,73106,71628,90991,115299,133902,131254,106006,85484,68609,57020,54303,58560,:,:,:,:,:,:,:,:,:,:,:,:,:,:,:,:,:,:,:,:,:,:,:,:,:,:,:,:,:,:,:,:,:,:,:,:,:,:,:,:,:,:,:,:,:,:,:,:,:,:,:,:,:,:,:,:,:,:,:,:,:,:,:,:,:,:,:,:,:,:,:,:,:,:,:,:,:,:,:,:,:,:,:,:,:,:,:,:,:,:,:,:,:,:,:,:,:,:,:,:,:,:,:,:,:,:,:,:,:,:,:,:,:,:,:,:,:,:,:,:,:,:,:,:,:,:,:,:,:,:,:,:
PAS,PAS_CRD,TOTAL,TOT,SK,:,:,380555,231068,159894,149353,133759,111195,121538,129918,125568,162512,231816,319938,320954,202929,157114,144646,127283,116256,119327,120954,115177,137974,215955,315727,321313,212577,124913,115763,100387,80303,82613,89842,88618,114021,199914,287902,302119,184032,105317,97310,74434,60235,67546,75970,72152,112649,181768,262225,276905,185694,110277,98937,71454,53125,55993,65095,59878,109710,185096,258506,265090,180483,111205,100700,85778,69899,71757,78560,83210,131389,207901,288675,297661,201383,125364,112560,109410,84172,87902,92301,100387,152733,212657,280180,285183,206750,135270,99046,118586,98600,100151,110815,107466,126994,176347,308817,277637,209387,146857,138589,123156,107514,114782,130620,140984,180985,276587,355137,369978,276569,198479,177130,182518,156564,150783,160476,163311,177278,231834,298151,299599,224000,157016,139287,145619,118111,117729,128872,129581,160790,229733,292135,287381,223983,161297,149525,137798,111371,111981,116647,116162,114436,169702,215192,219845,170413,107798,89362,79678,60825,59392,65482,60987,86604,134012,177134,174162,127148,82589,56980,:,:,:,:,:,:,:,:,:,:,:,:,:,:,:,:,:,:,:,:,:,:,:,:,:,:,:,:,:,:,:,:,:,:,:,:,:,:,:,:,:,:,:,:,:,:,:,:,:,:,:,:,:,:,:,:,:,:,:,:,:,:,:,:,:,:,:,:,:,:,:,:,:,:,:,:,:,:,:,:,:,:,:,:,:,:,:,:,:,:,:,:,:,:,:,:,:,:,:,:,:,:,:,:,:,:,:,:,:,:,:,:,:,:,:,:,:,:,:,:,:,:,:,:,:,:,:,:,:,:,:,:,:,:,:
PAS,PAS_CRD,TOTAL,TOT,UK,:,:,:,25255767,23581805,22138439,19315393,16661420,16837713,18226191,17020895,22330674,24248072,26611629,26212471,23671944,21879677,19451507,18328072,15602504,15285237,16256033,15882794,21014595,22742506,24946702,24427872,22259414,20791446,18529782,16894634,14183231,14341428,15490681,14979167,19720748,21599908,23782567,22976005,21296412,19861998,18075203,15519953,13249170,13470310,14566177,14202535,18889084,20770978,22685429,22157287,20534953,19041393,16628828,15542768,12712130,12737418,13888255,13778837,18014804,20021956,21481747,21173370,19742454,17791600,16562599,15059277,12757782,12794334,13671248,13207116,17972962,19944537,21602203,21616363,19360300,17925220,16635915,14444658,12449019,12707212,12268536,13299407,18048650,19456295,21397885,21122342,18690048,16650570,12613558,14614540,12471114,12254789,13481859,13288662,17524334,19176636,21491122,21140587,18731847,17334655,16184893,14763699,12473241,12942435,13961091,13660537,18359226,20260748,22836253,22344420,20454043,19230577,16901683,17224837,14606766,14050289,15110436,14920307,19426546,21138539,22985400,22534272,20624927,18927976,17113520,16581824,13865318,14062295,14785077,14465752,18654151,20369493,21663165,22104139,20406272,18621141,17154627,15737188,13582595,13687040,14301633,14020934,18276361,20011078,21239892,21299440,19527787,17850329,15578366,15702001,13022506,13192577,13719649,13413525,17467651,18841217,20327350,20078295,18206176,16502486,15038048,14102126,12558962,12027227,12748863,12743891,16375033,17649700,19383358,18482243,16833012,15415333,13062006,12623804,11317702,11270323,:,:,:,:,:,:,:,:,:,:,:,:,:,:,:,:,:,:,:,:,:,:,:,:,:,:,:,:,:,:,:,:,:,:,:,:,9656364,10612452,14375746,15273979,16271774,15933041,14653978,13213400,11394593,11468678,9273069,9340055,9574411,9967877,13337536,14590642,15470946,14961197,13742427,12760485,10883494,10388836,8566908,8653024,:,:,:,:,:,:,:,:,:,:,:,:,:,:,:,:,:,:,:,:,:,:,:,:,:,:,:,:,:,:,:,:,:,:,:,:,:,:,:,:,:,:,:,:,:,:,:,:,:,:,:,:,:,:,:,:,:,:,:,:
