dato,region,Ordinær skatt på utvinning av petroleum,Særskatt på utvinning av petroleum,Skatteinngang i alt
2008-08,01 Østfold,0.0,0.0,15022.4
2008-08,02 Akershus,0.0,0.0,45006.6
2008-08,03 Oslo,0.0,0.0,72663.9
2008-08,04 Hedmark,0.0,0.0,9112.2
2008-08,05 Oppland,0.0,0.0,9216.4
2008-08,06 Buskerud,0.0,0.0,16104.4
2008-08,07 Vestfold,0.0,0.0,13061.9
2008-08,08 Telemark,0.0,0.0,9542.4
2008-08,09 Aust-Agder,0.0,0.0,5817.5
2008-08,10 Vest-Agder,0.0,0.0,10652.1
2008-08,11 Rogaland,0.0,0.0,37731.1
2008-08,12 Hordaland,0.0,0.0,31897.3
2008-08,14 Sogn og Fjordane,0.0,0.0,5804.8
2008-08,15 Møre og Romsdal,0.0,0.0,15198.2
2008-08,16 Sør-Trøndelag,0.0,0.0,16918.8
2008-08,17 Nord-Trøndelag,0.0,0.0,5903.6
2008-08,18 Nordland,0.0,0.0,10796.2
2008-08,19 Troms - Romsa,0.0,0.0,7138.0
2008-08,20 Finnmark - Finnmárku,0.0,0.0,2479.2
2008-08,21 Svalbard,..,..,170.0
2008-08,23 Kontinentalsokkelen,53958.1,90207.7,146366.2
2008-08,24 Kildeskatt på pensjon,0.0,0.0,0.0
2008-09,01 Østfold,0.0,0.0,18284.3
2008-09,02 Akershus,0.0,0.0,54061.0
2008-09,03 Oslo,0.0,0.0,83615.2
2008-09,04 Hedmark,0.0,0.0,11300.4
2008-09,05 Oppland,0.0,0.0,11379.9
2008-09,06 Buskerud,0.0,0.0,19665.3
2008-09,07 Vestfold,0.0,0.0,16062.3
2008-09,08 Telemark,0.0,0.0,11703.4
2008-09,09 Aust-Agder,0.0,0.0,7158.6
2008-09,10 Vest-Agder,0.0,0.0,12937.9
2008-09,11 Rogaland,0.0,0.0,45203.3
2008-09,12 Hordaland,0.0,0.0,38954.9
2008-09,14 Sogn og Fjordane,0.0,0.0,7121.1
2008-09,15 Møre og Romsdal,0.0,0.0,18558.9
2008-09,16 Sør-Trøndelag,0.0,0.0,20850.4
2008-09,17 Nord-Trøndelag,0.0,0.0,7346.9
2008-09,18 Nordland,0.0,0.0,13341.7
2008-09,19 Troms - Romsa,0.0,0.0,8864.8
2008-09,20 Finnmark - Finnmárku,0.0,0.0,3067.0
2008-09,21 Svalbard,..,..,174.1
2008-09,23 Kontinentalsokkelen,53959.6,90210.3,146876.6
2008-09,24 Kildeskatt på pensjon,0.0,0.0,0.0
2008-10,01 Østfold,0.0,0.0,17885.0
2008-10,02 Akershus,0.0,0.0,54108.3
2008-10,03 Oslo,0.0,0.0,86428.2
2008-10,04 Hedmark,0.0,0.0,11252.2
2008-10,05 Oppland,0.0,0.0,11152.6
2008-10,06 Buskerud,0.0,0.0,19505.8
2008-10,07 Vestfold,0.0,0.0,16056.9
2008-10,08 Telemark,0.0,0.0,11688.7
2008-10,09 Aust-Agder,0.0,0.0,7057.9
2008-10,10 Vest-Agder,0.0,0.0,12821.9
2008-10,11 Rogaland,0.0,0.0,45086.4
2008-10,12 Hordaland,0.0,0.0,38514.9
2008-10,14 Sogn og Fjordane,0.0,0.0,7047.6
2008-10,15 Møre og Romsdal,0.0,0.0,18349.3
2008-10,16 Sør-Trøndelag,0.0,0.0,20711.4
2008-10,17 Nord-Trøndelag,0.0,0.0,7246.2
2008-10,18 Nordland,0.0,0.0,13132.1
2008-10,19 Troms - Romsa,0.0,0.0,8646.9
2008-10,20 Finnmark - Finnmárku,0.0,0.0,3065.4
2008-10,21 Svalbard,..,..,174.4
2008-10,23 Kontinentalsokkelen,73026.6,122635.1,198427.6
2008-10,24 Kildeskatt på pensjon,0.0,0.0,0.0
2008-11,01 Østfold,0.0,0.0,22032.3
2008-11,02 Akershus,0.0,0.0,65903.5
2008-11,03 Oslo,0.0,0.0,104789.7
2008-11,04 Hedmark,0.0,0.0,13902.6
2008-11,05 Oppland,0.0,0.0,13748.3
2008-11,06 Buskerud,0.0,0.0,24106.1
2008-11,07 Vestfold,0.0,0.0,19805.7
2008-11,08 Telemark,0.0,0.0,14430.7
2008-11,09 Aust-Agder,0.0,0.0,8713.5
2008-11,10 Vest-Agder,0.0,0.0,15910.0
2008-11,11 Rogaland,0.0,0.0,55521.8
2008-11,12 Hordaland,0.0,0.0,48059.2
2008-11,14 Sogn og Fjordane,0.0,0.0,8686.4
2008-11,15 Møre og Romsdal,0.0,0.0,22807.7
2008-11,16 Sør-Trøndelag,0.0,0.0,26059.6
2008-11,17 Nord-Trøndelag,0.0,0.0,8948.9
2008-11,18 Nordland,0.0,0.0,16434.4
2008-11,19 Troms - Romsa,0.0,0.0,10763.2
2008-11,20 Finnmark - Finnmárku,0.0,0.0,3788.0
2008-11,21 Svalbard,..,..,180.0
2008-11,23 Kontinentalsokkelen,72999.5,122588.9,198847.4
2008-11,24 Kildeskatt på pensjon,0.0,0.0,0.0
2008-12,01 Østfold,0.0,0.0,22323.1
2008-12,02 Akershus,0.0,0.0,67171.4
2008-12,03 Oslo,0.0,0.0,106141.0
2008-12,04 Hedmark,0.0,0.0,14127.6
2008-12,05 Oppland,0.0,0.0,13930.1
2008-12,06 Buskerud,0.0,0.0,24436.3
2008-12,07 Vestfold,0.0,0.0,20116.0
2008-12,08 Telemark,0.0,0.0,14710.3
2008-12,09 Aust-Agder,0.0,0.0,8868.2
2008-12,10 Vest-Agder,0.0,0.0,16116.3
2008-12,11 Rogaland,0.0,0.0,56642.9
2008-12,12 Hordaland,0.0,0.0,48681.4
2008-12,14 Sogn og Fjordane,0.0,0.0,8864.5
2008-12,15 Møre og Romsdal,0.0,0.0,23256.0
2008-12,16 Sør-Trøndelag,0.0,0.0,26422.5
2008-12,17 Nord-Trøndelag,0.0,0.0,9089.9
2008-12,18 Nordland,0.0,0.0,16744.8
2008-12,19 Troms - Romsa,0.0,0.0,10927.6
2008-12,20 Finnmark - Finnmárku,0.0,0.0,3857.9
2008-12,21 Svalbard,..,..,188.7
2008-12,23 Kontinentalsokkelen,88715.1,150693.1,242781.9
2008-12,24 Kildeskatt på pensjon,0.0,0.0,0.0
2009-01,01 Østfold,0.0,0.0,2623.0
2009-01,02 Akershus,0.0,0.0,7960.5
2009-01,03 Oslo,0.0,0.0,12668.0
2009-01,04 Hedmark,0.0,0.0,1856.3
2009-01,05 Oppland,0.0,0.0,1810.8
2009-01,06 Buskerud,0.0,0.0,3163.3
2009-01,07 Vestfold,0.0,0.0,2407.8
2009-01,08 Telemark,0.0,0.0,1865.7
2009-01,09 Aust-Agder,0.0,0.0,1182.3
2009-01,10 Vest-Agder,0.0,0.0,2104.8
2009-01,11 Rogaland,0.0,0.0,7045.3
2009-01,12 Hordaland,0.0,0.0,6384.2
2009-01,14 Sogn og Fjordane,0.0,0.0,1178.9
2009-01,15 Møre og Romsdal,0.0,0.0,3126.7
2009-01,16 Sør-Trøndelag,0.0,0.0,3533.0
2009-01,17 Nord-Trøndelag,0.0,0.0,1199.0
2009-01,18 Nordland,0.0,0.0,2105.3
2009-01,19 Troms - Romsa,0.0,0.0,1410.6
2009-01,20 Finnmark - Finnmárku,0.0,0.0,525.9
2009-01,21 Svalbard,..,..,21.2
2009-01,23 Kontinentalsokkelen,5.9,10.0,498.6
2009-01,24 Kildeskatt på pensjon,0.0,0.0,0.0
2009-02,01 Østfold,0.0,0.0,3662.6
2009-02,02 Akershus,0.0,0.0,11233.3
2009-02,03 Oslo,0.0,0.0,19864.6
2009-02,04 Hedmark,0.0,0.0,2311.5
2009-02,05 Oppland,0.0,0.0,2368.9
2009-02,06 Buskerud,0.0,0.0,4198.7
2009-02,07 Vestfold,0.0,0.0,3286.7
2009-02,08 Telemark,0.0,0.0,2686.1
2009-02,09 Aust-Agder,0.0,0.0,1578.6
2009-02,10 Vest-Agder,0.0,0.0,2913.7
2009-02,11 Rogaland,0.0,0.0,9940.7
2009-02,12 Hordaland,0.0,0.0,8955.0
2009-02,14 Sogn og Fjordane,0.0,0.0,1636.7
2009-02,15 Møre og Romsdal,0.0,0.0,4268.8
2009-02,16 Sør-Trøndelag,0.0,0.0,4844.2
2009-02,17 Nord-Trøndelag,0.0,0.0,1502.3
2009-02,18 Nordland,0.0,0.0,3033.0
2009-02,19 Troms - Romsa,0.0,0.0,1844.4
2009-02,20 Finnmark - Finnmárku,0.0,0.0,677.4
2009-02,21 Svalbard,..,..,86.5
2009-02,23 Kontinentalsokkelen,13021.4,22140.6,35937.7
2009-02,24 Kildeskatt på pensjon,0.0,0.0,0.0
2009-03,01 Østfold,0.0,0.0,6986.9
2009-03,02 Akershus,0.0,0.0,21111.1
2009-03,03 Oslo,0.0,0.0,34291.1
2009-03,04 Hedmark,0.0,0.0,4585.7
2009-03,05 Oppland,0.0,0.0,4402.7
2009-03,06 Buskerud,0.0,0.0,7986.9
2009-03,07 Vestfold,0.0,0.0,6433.2
2009-03,08 Telemark,0.0,0.0,4945.2
2009-03,09 Aust-Agder,0.0,0.0,2952.6
2009-03,10 Vest-Agder,0.0,0.0,5434.6
2009-03,11 Rogaland,0.0,0.0,18121.1
2009-03,12 Hordaland,0.0,0.0,16384.2
2009-03,14 Sogn og Fjordane,0.0,0.0,2944.2
2009-03,15 Møre og Romsdal,0.0,0.0,7791.6
2009-03,16 Sør-Trøndelag,0.0,0.0,8867.6
2009-03,17 Nord-Trøndelag,0.0,0.0,2900.1
2009-03,18 Nordland,0.0,0.0,5408.0
2009-03,19 Troms - Romsa,0.0,0.0,3634.2
2009-03,20 Finnmark - Finnmárku,0.0,0.0,1263.1
2009-03,21 Svalbard,..,..,89.4
2009-03,23 Kontinentalsokkelen,13025.7,22174.8,36405.8
2009-03,24 Kildeskatt på pensjon,0.0,0.0,0.0
2009-04,01 Østfold,0.0,0.0,8240.7
2009-04,02 Akershus,0.0,0.0,24942.9
2009-04,03 Oslo,0.0,0.0,42569.5
2009-04,04 Hedmark,0.0,0.0,5133.9
2009-04,05 Oppland,0.0,0.0,5220.9
2009-04,06 Buskerud,0.0,0.0,9477.1
2009-04,07 Vestfold,0.0,0.0,7449.6
2009-04,08 Telemark,0.0,0.0,6435.5
2009-04,09 Aust-Agder,0.0,0.0,3485.3
2009-04,10 Vest-Agder,0.0,0.0,6452.6
2009-04,11 Rogaland,0.0,0.0,22135.9
2009-04,12 Hordaland,0.0,0.0,19582.4
2009-04,14 Sogn og Fjordane,0.0,0.0,3478.3
2009-04,15 Møre og Romsdal,0.0,0.0,9145.0
2009-04,16 Sør-Trøndelag,0.0,0.0,10389.8
2009-04,17 Nord-Trøndelag,0.0,0.0,3324.6
2009-04,18 Nordland,0.0,0.0,6471.5
2009-04,19 Troms - Romsa,0.0,0.0,4077.5
2009-04,20 Finnmark - Finnmárku,0.0,0.0,1465.5
2009-04,21 Svalbard,..,..,106.3
2009-04,23 Kontinentalsokkelen,25950.5,44153.6,71541.4
2009-04,24 Kildeskatt på pensjon,0.0,0.0,0.0
2009-05,01 Østfold,0.0,0.0,11895.9
2009-05,02 Akershus,0.0,0.0,36496.8
2009-05,03 Oslo,0.0,0.0,60184.3
2009-05,04 Hedmark,0.0,0.0,7581.6
2009-05,05 Oppland,0.0,0.0,7569.9
2009-05,06 Buskerud,0.0,0.0,13602.6
2009-05,07 Vestfold,0.0,0.0,10895.6
2009-05,08 Telemark,0.0,0.0,8798.6
2009-05,09 Aust-Agder,0.0,0.0,5004.0
2009-05,10 Vest-Agder,0.0,0.0,9089.1
2009-05,11 Rogaland,0.0,0.0,31268.6
2009-05,12 Hordaland,0.0,0.0,27644.0
2009-05,14 Sogn og Fjordane,0.0,0.0,4908.9
2009-05,15 Møre og Romsdal,0.0,0.0,13035.8
2009-05,16 Sør-Trøndelag,0.0,0.0,14794.8
2009-05,17 Nord-Trøndelag,0.0,0.0,4913.8
2009-05,18 Nordland,0.0,0.0,9393.6
2009-05,19 Troms - Romsa,0.0,0.0,5985.5
2009-05,20 Finnmark - Finnmárku,0.0,0.0,2122.1
2009-05,21 Svalbard,..,..,107.8
2009-05,23 Kontinentalsokkelen,25866.0,44070.5,71898.3
2009-05,24 Kildeskatt på pensjon,0.0,0.0,0.0
2009-06,01 Østfold,0.0,0.0,12077.0
2009-06,02 Akershus,0.0,0.0,37094.3
2009-06,03 Oslo,0.0,0.0,61413.0
2009-06,04 Hedmark,0.0,0.0,7700.4
2009-06,05 Oppland,0.0,0.0,7707.8
2009-06,06 Buskerud,0.0,0.0,13876.2
2009-06,07 Vestfold,0.0,0.0,11083.4
2009-06,08 Telemark,0.0,0.0,8890.9
2009-06,09 Aust-Agder,0.0,0.0,5087.1
2009-06,10 Vest-Agder,0.0,0.0,9219.8
2009-06,11 Rogaland,0.0,0.0,31561.2
2009-06,12 Hordaland,0.0,0.0,28049.7
2009-06,14 Sogn og Fjordane,0.0,0.0,5007.3
2009-06,15 Møre og Romsdal,0.0,0.0,13189.8
2009-06,16 Sør-Trøndelag,0.0,0.0,14962.3
2009-06,17 Nord-Trøndelag,0.0,0.0,4973.3
2009-06,18 Nordland,0.0,0.0,9478.3
2009-06,19 Troms - Romsa,0.0,0.0,6054.7
2009-06,20 Finnmark - Finnmárku,0.0,0.0,2137.9
2009-06,21 Svalbard,..,..,108.3
2009-06,23 Kontinentalsokkelen,37013.6,63187.9,102223.5
2009-06,24 Kildeskatt på pensjon,0.0,0.0,0.0
2009-07,01 Østfold,0.0,0.0,14904.8
2009-07,02 Akershus,0.0,0.0,44603.3
2009-07,03 Oslo,0.0,0.0,72841.8
2009-07,04 Hedmark,0.0,0.0,9517.4
2009-07,05 Oppland,0.0,0.0,9406.6
2009-07,06 Buskerud,0.0,0.0,16859.6
2009-07,07 Vestfold,0.0,0.0,13604.7
2009-07,08 Telemark,0.0,0.0,10719.9
2009-07,09 Aust-Agder,0.0,0.0,6211.1
2009-07,10 Vest-Agder,0.0,0.0,11202.6
2009-07,11 Rogaland,0.0,0.0,39739.7
2009-07,12 Hordaland,0.0,0.0,34166.3
2009-07,14 Sogn og Fjordane,0.0,0.0,6141.1
2009-07,15 Møre og Romsdal,0.0,0.0,16148.9
2009-07,16 Sør-Trøndelag,0.0,0.0,18163.5
2009-07,17 Nord-Trøndelag,0.0,0.0,6139.0
2009-07,18 Nordland,0.0,0.0,11466.5
2009-07,19 Troms - Romsa,0.0,0.0,7447.5
2009-07,20 Finnmark - Finnmárku,0.0,0.0,2601.8
2009-07,21 Svalbard,..,..,166.0
2009-07,23 Kontinentalsokkelen,35753.7,61344.6,99591.4
2009-07,24 Kildeskatt på pensjon,0.0,0.0,0.0
2009-08,01 Østfold,0.0,0.0,15063.3
2009-08,02 Akershus,0.0,0.0,45092.2
2009-08,03 Oslo,0.0,0.0,73560.2
2009-08,04 Hedmark,0.0,0.0,9603.1
2009-08,05 Oppland,0.0,0.0,9493.4
2009-08,06 Buskerud,0.0,0.0,17035.3
2009-08,07 Vestfold,0.0,0.0,13752.2
2009-08,08 Telemark,0.0,0.0,10794.1
2009-08,09 Aust-Agder,0.0,0.0,6266.4
2009-08,10 Vest-Agder,0.0,0.0,11313.1
2009-08,11 Rogaland,0.0,0.0,39951.1
2009-08,12 Hordaland,0.0,0.0,34388.7
2009-08,14 Sogn og Fjordane,0.0,0.0,6175.6
2009-08,15 Møre og Romsdal,0.0,0.0,16288.8
2009-08,16 Sør-Trøndelag,0.0,0.0,18313.5
2009-08,17 Nord-Trøndelag,0.0,0.0,6190.5
2009-08,18 Nordland,0.0,0.0,11565.3
2009-08,19 Troms - Romsa,0.0,0.0,7511.8
2009-08,20 Finnmark - Finnmárku,0.0,0.0,2632.5
2009-08,21 Svalbard,..,..,170.1
2009-08,23 Kontinentalsokkelen,45715.3,77366.9,125666.2
2009-08,24 Kildeskatt på pensjon,0.0,0.0,0.0
2009-09,01 Østfold,0.0,0.0,18471.6
2009-09,02 Akershus,0.0,0.0,54581.3
2009-09,03 Oslo,0.0,0.0,87534.5
2009-09,04 Hedmark,0.0,0.0,11894.5
2009-09,05 Oppland,0.0,0.0,11735.3
2009-09,06 Buskerud,0.0,0.0,20871.1
2009-09,07 Vestfold,0.0,0.0,16913.3
2009-09,08 Telemark,0.0,0.0,13026.0
2009-09,09 Aust-Agder,0.0,0.0,7672.6
2009-09,10 Vest-Agder,0.0,0.0,13716.0
2009-09,11 Rogaland,0.0,0.0,47833.3
2009-09,12 Hordaland,0.0,0.0,41757.9
2009-09,14 Sogn og Fjordane,0.0,0.0,7567.8
2009-09,15 Møre og Romsdal,0.0,0.0,19850.0
2009-09,16 Sør-Trøndelag,0.0,0.0,22412.4
2009-09,17 Nord-Trøndelag,0.0,0.0,7706.6
2009-09,18 Nordland,0.0,0.0,14233.8
2009-09,19 Troms - Romsa,0.0,0.0,9374.8
2009-09,20 Finnmark - Finnmárku,0.0,0.0,3289.1
2009-09,21 Svalbard,0.0,0.0,171.4
2009-09,23 Kontinentalsokkelen,44743.6,76094.8,123907.9
2009-09,24 Kildeskatt på pensjon,0.0,0.0,0.0
2009-10,01 Østfold,0.0,0.0,18149.4
2009-10,02 Akershus,0.0,0.0,53533.6
2009-10,03 Oslo,0.0,0.0,84026.6
2009-10,04 Hedmark,0.0,0.0,11698.3
2009-10,05 Oppland,0.0,0.0,11502.3
2009-10,06 Buskerud,0.0,0.0,20345.1
2009-10,07 Vestfold,0.0,0.0,16620.9
2009-10,08 Telemark,0.0,0.0,12801.9
2009-10,09 Aust-Agder,0.0,0.0,7578.9
2009-10,10 Vest-Agder,0.0,0.0,13295.4
2009-10,11 Rogaland,0.0,0.0,46850.7
2009-10,12 Hordaland,0.0,0.0,40731.8
2009-10,14 Sogn og Fjordane,0.0,0.0,7430.9
2009-10,15 Møre og Romsdal,0.0,0.0,19271.2
2009-10,16 Sør-Trøndelag,0.0,0.0,21769.9
2009-10,17 Nord-Trøndelag,0.0,0.0,7465.6
2009-10,18 Nordland,0.0,0.0,13791.0
2009-10,19 Troms - Romsa,0.0,0.0,9012.2
2009-10,20 Finnmark - Finnmárku,0.0,0.0,3223.7
2009-10,21 Svalbard,0.0,0.0,174.5
2009-10,23 Kontinentalsokkelen,54455.7,91871.1,149517.6
2009-10,24 Kildeskatt på pensjon,0.0,0.0,0.0
2009-11,01 Østfold,0.0,0.0,22208.4
2009-11,02 Akershus,0.0,0.0,65493.9
2009-11,03 Oslo,0.0,0.0,104205.1
2009-11,04 Hedmark,0.0,0.0,14532.7
2009-11,05 Oppland,0.0,0.0,14312.4
2009-11,06 Buskerud,0.0,0.0,24870.4
2009-11,07 Vestfold,0.0,0.0,20214.9
2009-11,08 Telemark,0.0,0.0,15445.3
2009-11,09 Aust-Agder,0.0,0.0,9285.0
2009-11,10 Vest-Agder,0.0,0.0,17500.7
2009-11,11 Rogaland,0.0,0.0,59570.8
2009-11,12 Hordaland,0.0,0.0,50421.8
2009-11,14 Sogn og Fjordane,0.0,0.0,9088.6
2009-11,15 Møre og Romsdal,0.0,0.0,23722.5
2009-11,16 Sør-Trøndelag,0.0,0.0,26535.0
2009-11,17 Nord-Trøndelag,0.0,0.0,9251.4
2009-11,18 Nordland,0.0,0.0,16878.7
2009-11,19 Troms - Romsa,0.0,0.0,11179.0
2009-11,20 Finnmark - Finnmárku,0.0,0.0,4007.3
2009-11,21 Svalbard,0.0,0.0,586.9
2009-11,23 Kontinentalsokkelen,54162.6,92192.2,150167.9
2009-11,24 Kildeskatt på pensjon,0.0,0.0,0.0
2009-12,01 Østfold,0.0,0.0,22471.1
2009-12,02 Akershus,0.0,0.0,66309.8
2009-12,03 Oslo,0.0,0.0,105573.7
2009-12,04 Hedmark,0.0,0.0,14701.0
2009-12,05 Oppland,0.0,0.0,14452.3
2009-12,06 Buskerud,0.0,0.0,25173.4
2009-12,07 Vestfold,0.0,0.0,20527.2
2009-12,08 Telemark,0.0,0.0,15598.4
2009-12,09 Aust-Agder,0.0,0.0,9405.0
2009-12,10 Vest-Agder,0.0,0.0,17695.3
2009-12,11 Rogaland,0.0,0.0,60571.6
2009-12,12 Hordaland,0.0,0.0,50840.4
2009-12,14 Sogn og Fjordane,0.0,0.0,9173.2
2009-12,15 Møre og Romsdal,0.0,0.0,23954.4
2009-12,16 Sør-Trøndelag,0.0,0.0,26805.9
2009-12,17 Nord-Trøndelag,0.0,0.0,9344.5
2009-12,18 Nordland,0.0,0.0,17041.1
2009-12,19 Troms - Romsa,0.0,0.0,11306.3
2009-12,20 Finnmark - Finnmárku,0.0,0.0,4060.0
2009-12,21 Svalbard,0.0,0.0,595.8
2009-12,23 Kontinentalsokkelen,61500.6,103733.3,169078.1
2009-12,24 Kildeskatt på pensjon,0.0,0.0,0.0
2010-01,01 Østfold,0.0,0.0,2816.1
2010-01,02 Akershus,0.0,0.0,8072.5
2010-01,03 Oslo,0.0,0.0,12304.0
2010-01,04 Hedmark,0.0,0.0,1898.2
2010-01,05 Oppland,0.0,0.0,1809.8
2010-01,06 Buskerud,0.0,0.0,3202.3
2010-01,07 Vestfold,0.0,0.0,2637.4
2010-01,08 Telemark,0.0,0.0,1880.3
2010-01,09 Aust-Agder,0.0,0.0,1179.5
2010-01,10 Vest-Agder,0.0,0.0,2059.4
2010-01,11 Rogaland,0.0,0.0,7176.2
2010-01,12 Hordaland,0.0,0.0,6404.0
2010-01,14 Sogn og Fjordane,0.0,0.0,1190.9
2010-01,15 Møre og Romsdal,0.0,0.0,3184.3
2010-01,16 Sør-Trøndelag,0.0,0.0,3580.9
2010-01,17 Nord-Trøndelag,0.0,0.0,1249.9
2010-01,18 Nordland,0.0,0.0,2181.7
2010-01,19 Troms - Romsa,0.0,0.0,1550.6
2010-01,20 Finnmark - Finnmárku,0.0,0.0,532.9
2010-01,21 Svalbard,0.0,0.0,22.6
2010-01,23 Kontinentalsokkelen,12.7,20.4,508.5
2010-01,24 Kildeskatt på pensjon,0.0,0.0,0.0
2010-02,01 Østfold,0.0,0.0,3557.6
2010-02,02 Akershus,0.0,0.0,10870.5
2010-02,03 Oslo,0.0,0.0,19189.8
2010-02,04 Hedmark,0.0,0.0,2352.6
2010-02,05 Oppland,0.0,0.0,2433.6
2010-02,06 Buskerud,0.0,0.0,4334.5
2010-02,07 Vestfold,0.0,0.0,3237.4
2010-02,08 Telemark,0.0,0.0,2456.0
2010-02,09 Aust-Agder,0.0,0.0,1512.1
2010-02,10 Vest-Agder,0.0,0.0,3281.0
2010-02,11 Rogaland,0.0,0.0,10403.4
2010-02,12 Hordaland,0.0,0.0,9000.8
2010-02,14 Sogn og Fjordane,0.0,0.0,1636.2
2010-02,15 Møre og Romsdal,0.0,0.0,4287.4
2010-02,16 Sør-Trøndelag,0.0,0.0,4764.4
2010-02,17 Nord-Trøndelag,0.0,0.0,1574.5
2010-02,18 Nordland,0.0,0.0,2927.5
2010-02,19 Troms - Romsa,0.0,0.0,1869.1
2010-02,20 Finnmark - Finnmárku,0.0,0.0,697.5
2010-02,21 Svalbard,0.0,0.0,204.3
2010-02,23 Kontinentalsokkelen,8160.9,13125.8,22003.4
2010-02,24 Kildeskatt på pensjon,0.0,0.0,0.0
2010-03,01 Østfold,0.0,0.0,7059.6
2010-03,02 Akershus,0.0,0.0,20918.9
2010-03,03 Oslo,0.0,0.0,32843.1
2010-03,04 Hedmark,0.0,0.0,4683.8
2010-03,05 Oppland,0.0,0.0,4699.0
2010-03,06 Buskerud,0.0,0.0,8301.6
2010-03,07 Vestfold,0.0,0.0,6498.8
2010-03,08 Telemark,0.0,0.0,4712.4
2010-03,09 Aust-Agder,0.0,0.0,2844.8
2010-03,10 Vest-Agder,0.0,0.0,5573.8
2010-03,11 Rogaland,0.0,0.0,18831.9
2010-03,12 Hordaland,0.0,0.0,16141.6
2010-03,14 Sogn og Fjordane,0.0,0.0,3057.1
2010-03,15 Møre og Romsdal,0.0,0.0,7795.4
2010-03,16 Sør-Trøndelag,0.0,0.0,9018.2
2010-03,17 Nord-Trøndelag,0.0,0.0,3082.3
2010-03,18 Nordland,0.0,0.0,5593.5
2010-03,19 Troms - Romsa,0.0,0.0,3742.0
2010-03,20 Finnmark - Finnmárku,0.0,0.0,1339.2
2010-03,21 Svalbard,0.0,0.0,206.3
2010-03,23 Kontinentalsokkelen,8155.6,13120.2,22437.5
2010-03,24 Kildeskatt på pensjon,0.0,0.0,62.4
2010-04,01 Østfold,0.0,0.0,7910.3
2010-04,02 Akershus,0.0,0.0,23828.0
2010-04,03 Oslo,0.0,0.0,39497.9
2010-04,04 Hedmark,0.0,0.0,5103.8
2010-04,05 Oppland,0.0,0.0,5149.9
2010-04,06 Buskerud,0.0,0.0,9465.5
2010-04,07 Vestfold,0.0,0.0,7072.6
2010-04,08 Telemark,0.0,0.0,5197.3
2010-04,09 Aust-Agder,0.0,0.0,3170.0
2010-04,10 Vest-Agder,0.0,0.0,6724.0
2010-04,11 Rogaland,0.0,0.0,21789.1
2010-04,12 Hordaland,0.0,0.0,18223.7
2010-04,14 Sogn og Fjordane,0.0,0.0,3489.8
2010-04,15 Møre og Romsdal,0.0,0.0,8591.0
2010-04,16 Sør-Trøndelag,0.0,0.0,10180.5
2010-04,17 Nord-Trøndelag,0.0,0.0,3376.7
2010-04,18 Nordland,0.0,0.0,6343.4
2010-04,19 Troms - Romsa,0.0,0.0,4029.9
2010-04,20 Finnmark - Finnmárku,0.0,0.0,1487.3
2010-04,21 Svalbard,0.0,0.0,266.5
2010-04,23 Kontinentalsokkelen,17467.8,28098.2,47018.9
2010-04,24 Kildeskatt på pensjon,0.0,0.0,62.4
2010-05,01 Østfold,0.0,0.0,11876.5
2010-05,02 Akershus,0.0,0.0,38208.6
2010-05,03 Oslo,0.0,0.0,68033.1
2010-05,04 Hedmark,0.0,0.0,7757.3
2010-05,05 Oppland,0.0,0.0,7673.6
2010-05,06 Buskerud,0.0,0.0,14503.0
2010-05,07 Vestfold,0.0,0.0,10830.1
2010-05,08 Telemark,0.0,0.0,7741.5
2010-05,09 Aust-Agder,0.0,0.0,4785.4
2010-05,10 Vest-Agder,0.0,0.0,9766.9
2010-05,11 Rogaland,0.0,0.0,35183.1
2010-05,12 Hordaland,0.0,0.0,28315.1
2010-05,14 Sogn og Fjordane,0.0,0.0,5080.0
2010-05,15 Møre og Romsdal,0.0,0.0,13043.7
2010-05,16 Sør-Trøndelag,0.0,0.0,15060.0
2010-05,17 Nord-Trøndelag,0.0,0.0,5059.5
2010-05,18 Nordland,0.0,0.0,9384.6
2010-05,19 Troms - Romsa,0.0,0.0,6153.6
2010-05,20 Finnmark - Finnmárku,0.0,0.0,2188.0
2010-05,21 Svalbard,0.0,0.0,291.1
2010-05,23 Kontinentalsokkelen,17440.6,28054.3,47405.4
2010-05,24 Kildeskatt på pensjon,0.0,0.0,122.6
2010-06,01 Østfold,0.0,0.0,12074.9
2010-06,02 Akershus,0.0,0.0,38894.1
2010-06,03 Oslo,0.0,0.0,68565.9
2010-06,04 Hedmark,0.0,0.0,7899.7
2010-06,05 Oppland,0.0,0.0,7788.7
2010-06,06 Buskerud,0.0,0.0,14656.3
2010-06,07 Vestfold,0.0,0.0,11001.0
2010-06,08 Telemark,0.0,0.0,7906.3
2010-06,09 Aust-Agder,0.0,0.0,4856.0
2010-06,10 Vest-Agder,0.0,0.0,9915.4
2010-06,11 Rogaland,0.0,0.0,35591.7
2010-06,12 Hordaland,0.0,0.0,28727.0
2010-06,14 Sogn og Fjordane,0.0,0.0,5141.4
2010-06,15 Møre og Romsdal,0.0,0.0,13203.3
2010-06,16 Sør-Trøndelag,0.0,0.0,15256.9
2010-06,17 Nord-Trøndelag,0.0,0.0,5109.9
2010-06,18 Nordland,0.0,0.0,9504.2
2010-06,19 Troms - Romsa,0.0,0.0,6053.7
2010-06,20 Finnmark - Finnmárku,0.0,0.0,2221.8
2010-06,21 Svalbard,0.0,0.0,296.5
2010-06,23 Kontinentalsokkelen,25594.2,41168.5,68816.7
2010-06,24 Kildeskatt på pensjon,0.0,0.0,120.8
2010-07,01 Østfold,0.0,0.0,14881.4
2010-07,02 Akershus,0.0,0.0,46851.4
2010-07,03 Oslo,0.0,0.0,80830.8
2010-07,04 Hedmark,0.0,0.0,9792.9
2010-07,05 Oppland,0.0,0.0,9568.5
2010-07,06 Buskerud,0.0,0.0,17854.2
2010-07,07 Vestfold,0.0,0.0,13623.2
2010-07,08 Telemark,0.0,0.0,9759.3
2010-07,09 Aust-Agder,0.0,0.0,5999.9
2010-07,10 Vest-Agder,0.0,0.0,12010.0
2010-07,11 Rogaland,0.0,0.0,43284.5
2010-07,12 Hordaland,0.0,0.0,34883.5
2010-07,14 Sogn og Fjordane,0.0,0.0,6300.9
2010-07,15 Møre og Romsdal,0.0,0.0,16297.6
2010-07,16 Sør-Trøndelag,0.0,0.0,18618.3
2010-07,17 Nord-Trøndelag,0.0,0.0,6332.1
2010-07,18 Nordland,0.0,0.0,11617.4
2010-07,19 Troms - Romsa,0.0,0.0,7502.7
2010-07,20 Finnmark - Finnmárku,0.0,0.0,2721.0
2010-07,21 Svalbard,0.0,0.0,337.1
2010-07,23 Kontinentalsokkelen,25829.9,41563.7,69924.5
2010-07,24 Kildeskatt på pensjon,0.0,0.0,179.9
2010-08,01 Østfold,0.0,0.0,15055.0
2010-08,02 Akershus,0.0,0.0,47272.1
2010-08,03 Oslo,0.0,0.0,81336.5
2010-08,04 Hedmark,0.0,0.0,9879.5
2010-08,05 Oppland,0.0,0.0,9650.8
2010-08,06 Buskerud,0.0,0.0,18016.9
2010-08,07 Vestfold,0.0,0.0,13762.4
2010-08,08 Telemark,0.0,0.0,9847.3
2010-08,09 Aust-Agder,0.0,0.0,6059.2
2010-08,10 Vest-Agder,0.0,0.0,12113.6
2010-08,11 Rogaland,0.0,0.0,43616.4
2010-08,12 Hordaland,0.0,0.0,35145.1
2010-08,14 Sogn og Fjordane,0.0,0.0,6343.3
2010-08,15 Møre og Romsdal,0.0,0.0,16434.7
2010-08,16 Sør-Trøndelag,0.0,0.0,18753.8
2010-08,17 Nord-Trøndelag,0.0,0.0,6384.1
2010-08,18 Nordland,0.0,0.0,11727.1
2010-08,19 Troms - Romsa,0.0,0.0,7571.5
2010-08,20 Finnmark - Finnmárku,0.0,0.0,2745.6
2010-08,21 Svalbard,0.0,0.0,353.3
2010-08,23 Kontinentalsokkelen,37023.8,59916.9,99535.8
2010-08,24 Kildeskatt på pensjon,0.0,0.0,178.4
2010-09,01 Østfold,0.0,0.0,18630.1
2010-09,02 Akershus,0.0,0.0,57303.8
2010-09,03 Oslo,0.0,0.0,95904.8
2010-09,04 Hedmark,0.0,0.0,12293.8
2010-09,05 Oppland,0.0,0.0,11997.0
2010-09,06 Buskerud,0.0,0.0,21981.8
2010-09,07 Vestfold,0.0,0.0,17064.3
2010-09,08 Telemark,0.0,0.0,12177.8
2010-09,09 Aust-Agder,0.0,0.0,7520.1
2010-09,10 Vest-Agder,0.0,0.0,14656.2
2010-09,11 Rogaland,0.0,0.0,51936.4
2010-09,12 Hordaland,0.0,0.0,42784.6
2010-09,14 Sogn og Fjordane,0.0,0.0,7797.8
2010-09,15 Møre og Romsdal,0.0,0.0,20124.1
2010-09,16 Sør-Trøndelag,0.0,0.0,23122.8
2010-09,17 Nord-Trøndelag,0.0,0.0,7957.3
2010-09,18 Nordland,0.0,0.0,14536.5
2010-09,19 Troms - Romsa,0.0,0.0,9519.9
2010-09,20 Finnmark - Finnmárku,0.0,0.0,3427.5
2010-09,21 Svalbard,0.0,0.0,354.9
2010-09,23 Kontinentalsokkelen,37059.8,59976.5,100137.2
2010-09,24 Kildeskatt på pensjon,0.0,0.0,240.7
2010-10,01 Østfold,0.0,0.0,18283.8
2010-10,02 Akershus,0.0,0.0,56171.3
2010-10,03 Oslo,0.0,0.0,92909.1
2010-10,04 Hedmark,0.0,0.0,12089.9
2010-10,05 Oppland,0.0,0.0,11743.8
2010-10,06 Buskerud,0.0,0.0,21629.8
2010-10,07 Vestfold,0.0,0.0,16792.5
2010-10,08 Telemark,0.0,0.0,11912.8
2010-10,09 Aust-Agder,0.0,0.0,7320.5
2010-10,10 Vest-Agder,0.0,0.0,13862.5
2010-10,11 Rogaland,0.0,0.0,50215.6
2010-10,12 Hordaland,0.0,0.0,41542.8
2010-10,14 Sogn og Fjordane,0.0,0.0,7576.5
2010-10,15 Møre og Romsdal,0.0,0.0,19639.7
2010-10,16 Sør-Trøndelag,0.0,0.0,22618.3
2010-10,17 Nord-Trøndelag,0.0,0.0,7774.0
2010-10,18 Nordland,0.0,0.0,14200.7
2010-10,19 Troms - Romsa,0.0,0.0,9309.1
2010-10,20 Finnmark - Finnmárku,0.0,0.0,3365.0
2010-10,21 Svalbard,0.0,0.0,347.1
2010-10,23 Kontinentalsokkelen,48252.9,78328.4,129797.4
2010-10,24 Kildeskatt på pensjon,0.0,0.0,239.8
2010-11,01 Østfold,0.0,0.0,22603.8
2010-11,02 Akershus,0.0,0.0,69338.8
2010-11,03 Oslo,0.0,0.0,112735.4
2010-11,04 Hedmark,0.0,0.0,14919.4
2010-11,05 Oppland,0.0,0.0,14458.3
2010-11,06 Buskerud,0.0,0.0,26479.5
2010-11,07 Vestfold,0.0,0.0,20693.8
2010-11,08 Telemark,0.0,0.0,14596.4
2010-11,09 Aust-Agder,0.0,0.0,9011.5
2010-11,10 Vest-Agder,0.0,0.0,17670.0
2010-11,11 Rogaland,0.0,0.0,61491.6
2010-11,12 Hordaland,0.0,0.0,50547.8
2010-11,14 Sogn og Fjordane,0.0,0.0,9342.5
2010-11,15 Møre og Romsdal,0.0,0.0,24187.4
2010-11,16 Sør-Trøndelag,0.0,0.0,27777.9
2010-11,17 Nord-Trøndelag,0.0,0.0,9567.0
2010-11,18 Nordland,0.0,0.0,17711.6
2010-11,19 Troms - Romsa,0.0,0.0,11880.5
2010-11,20 Finnmark - Finnmárku,0.0,0.0,4170.6
2010-11,21 Svalbard,0.0,0.0,394.4
2010-11,23 Kontinentalsokkelen,48274.7,78364.0,130461.2
2010-11,24 Kildeskatt på pensjon,0.0,0.0,302.1
2010-12,01 Østfold,0.0,0.0,22835.8
2010-12,02 Akershus,0.0,0.0,70046.5
2010-12,03 Oslo,0.0,0.0,114465.5
2010-12,04 Hedmark,0.0,0.0,15061.9
2010-12,05 Oppland,0.0,0.0,14598.1
2010-12,06 Buskerud,0.0,0.0,26790.2
2010-12,07 Vestfold,0.0,0.0,20926.7
2010-12,08 Telemark,0.0,0.0,14737.8
2010-12,09 Aust-Agder,0.0,0.0,9082.4
2010-12,10 Vest-Agder,0.0,0.0,17867.3
2010-12,11 Rogaland,0.0,0.0,61979.0
2010-12,12 Hordaland,0.0,0.0,51152.8
2010-12,14 Sogn og Fjordane,0.0,0.0,9420.0
2010-12,15 Møre og Romsdal,0.0,0.0,24439.5
2010-12,16 Sør-Trøndelag,0.0,0.0,28047.5
2010-12,17 Nord-Trøndelag,0.0,0.0,9630.5
2010-12,18 Nordland,0.0,0.0,17875.0
2010-12,19 Troms - Romsa,0.0,0.0,12009.0
2010-12,20 Finnmark - Finnmárku,0.0,0.0,4223.1
2010-12,21 Svalbard,0.0,0.0,398.1
2010-12,23 Kontinentalsokkelen,59249.2,96360.1,159474.8
2010-12,24 Kildeskatt på pensjon,0.0,0.0,301.2
2011-01,01 Østfold,0.0,0.0,3000.9
2011-01,02 Akershus,0.0,0.0,8627.5
2011-01,03 Oslo,0.0,0.0,13696.3
2011-01,04 Hedmark,0.0,0.0,2038.2
2011-01,05 Oppland,0.0,0.0,1932.7
2011-01,06 Buskerud,0.0,0.0,3463.1
2011-01,07 Vestfold,0.0,0.0,2759.9
2011-01,08 Telemark,0.0,0.0,1970.8
2011-01,09 Aust-Agder,0.0,0.0,1257.2
2011-01,10 Vest-Agder,0.0,0.0,2372.4
2011-01,11 Rogaland,0.0,0.0,7908.6
2011-01,12 Hordaland,0.0,0.0,6813.5
2011-01,14 Sogn og Fjordane,0.0,0.0,1282.9
2011-01,15 Møre og Romsdal,0.0,0.0,3367.2
2011-01,16 Sør-Trøndelag,0.0,0.0,3955.5
2011-01,17 Nord-Trøndelag,0.0,0.0,1325.5
2011-01,18 Nordland,0.0,0.0,2365.9
2011-01,19 Troms - Romsa,0.0,0.0,1643.2
2011-01,20 Finnmark - Finnmárku,0.0,0.0,567.7
2011-01,21 Svalbard,0.0,0.0,57.3
2011-01,23 Kontinentalsokkelen,21.7,35.6,516.6
2011-01,24 Kildeskatt på pensjon,0.0,0.0,62.2
2011-02,01 Østfold,0.0,0.0,3801.1
2011-02,02 Akershus,0.0,0.0,12349.8
2011-02,03 Oslo,0.0,0.0,23045.4
2011-02,04 Hedmark,0.0,0.0,2540.2
2011-02,05 Oppland,0.0,0.0,2471.9
2011-02,06 Buskerud,0.0,0.0,4814.6
2011-02,07 Vestfold,0.0,0.0,3322.6
2011-02,08 Telemark,0.0,0.0,2534.3
2011-02,09 Aust-Agder,0.0,0.0,1583.6
2011-02,10 Vest-Agder,0.0,0.0,3541.5
2011-02,11 Rogaland,0.0,0.0,10629.0
2011-02,12 Hordaland,0.0,0.0,9183.4
2011-02,14 Sogn og Fjordane,0.0,0.0,1735.6
2011-02,15 Møre og Romsdal,0.0,0.0,4644.8
2011-02,16 Sør-Trøndelag,0.0,0.0,5115.9
2011-02,17 Nord-Trøndelag,0.0,0.0,1638.1
2011-02,18 Nordland,0.0,0.0,3174.4
2011-02,19 Troms - Romsa,0.0,0.0,2098.1
2011-02,20 Finnmark - Finnmárku,0.0,0.0,711.9
2011-02,21 Svalbard,0.0,0.0,152.9
2011-02,23 Kontinentalsokkelen,10909.8,17887.6,29614.4
2011-02,24 Kildeskatt på pensjon,0.0,0.0,62.1
2011-03,01 Østfold,0.0,0.0,7473.3
2011-03,02 Akershus,0.0,0.0,23120.3
2011-03,03 Oslo,0.0,0.0,38834.5
2011-03,04 Hedmark,0.0,0.0,4961.4
2011-03,05 Oppland,0.0,0.0,4824.2
2011-03,06 Buskerud,0.0,0.0,8975.4
2011-03,07 Vestfold,0.0,0.0,6673.5
2011-03,08 Telemark,0.0,0.0,4891.6
2011-03,09 Aust-Agder,0.0,0.0,3063.2
2011-03,10 Vest-Agder,0.0,0.0,6187.2
2011-03,11 Rogaland,0.0,0.0,19561.8
2011-03,12 Hordaland,0.0,0.0,17058.3
2011-03,14 Sogn og Fjordane,0.0,0.0,3201.1
2011-03,15 Møre og Romsdal,0.0,0.0,8490.3
2011-03,16 Sør-Trøndelag,0.0,0.0,9580.4
2011-03,17 Nord-Trøndelag,0.0,0.0,3181.9
2011-03,18 Nordland,0.0,0.0,5987.5
2011-03,19 Troms - Romsa,0.0,0.0,4016.4
2011-03,20 Finnmark - Finnmárku,0.0,0.0,1391.5
2011-03,21 Svalbard,0.0,0.0,154.7
2011-03,23 Kontinentalsokkelen,11009.4,18057.9,30315.2
2011-03,24 Kildeskatt på pensjon,0.0,0.0,127.9
2011-04,01 Østfold,0.0,0.0,8229.3
2011-04,02 Akershus,0.0,0.0,27334.3
2011-04,03 Oslo,0.0,0.0,48435.3
2011-04,04 Hedmark,0.0,0.0,5448.2
2011-04,05 Oppland,0.0,0.0,5358.1
2011-04,06 Buskerud,0.0,0.0,10307.7
2011-04,07 Vestfold,0.0,0.0,7195.2
2011-04,08 Telemark,0.0,0.0,5443.4
2011-04,09 Aust-Agder,0.0,0.0,3378.3
2011-04,10 Vest-Agder,0.0,0.0,7313.8
2011-04,11 Rogaland,0.0,0.0,21903.0
2011-04,12 Hordaland,0.0,0.0,19390.0
2011-04,14 Sogn og Fjordane,0.0,0.0,3645.8
2011-04,15 Møre og Romsdal,0.0,0.0,9560.5
2011-04,16 Sør-Trøndelag,0.0,0.0,10670.2
2011-04,17 Nord-Trøndelag,0.0,0.0,3569.6
2011-04,18 Nordland,0.0,0.0,6677.0
2011-04,19 Troms - Romsa,0.0,0.0,4311.7
2011-04,20 Finnmark - Finnmárku,0.0,0.0,1520.6
2011-04,21 Svalbard,0.0,0.0,223.6
2011-04,23 Kontinentalsokkelen,22201.1,36413.6,60122.7
2011-04,24 Kildeskatt på pensjon,0.0,0.0,127.9
2011-05,01 Østfold,0.0,0.0,12535.0
2011-05,02 Akershus,0.0,0.0,41476.6
2011-05,03 Oslo,0.0,0.0,70958.1
2011-05,04 Hedmark,0.0,0.0,8208.9
2011-05,05 Oppland,0.0,0.0,8045.5
2011-05,06 Buskerud,0.0,0.0,15486.7
2011-05,07 Vestfold,0.0,0.0,11161.3
2011-05,08 Telemark,0.0,0.0,8175.0
2011-05,09 Aust-Agder,0.0,0.0,5163.3
2011-05,10 Vest-Agder,0.0,0.0,10831.2
2011-05,11 Rogaland,0.0,0.0,34485.5
2011-05,12 Hordaland,0.0,0.0,29579.2
2011-05,14 Sogn og Fjordane,0.0,0.0,5401.2
2011-05,15 Møre og Romsdal,0.0,0.0,14153.5
2011-05,16 Sør-Trøndelag,0.0,0.0,16068.9
2011-05,17 Nord-Trøndelag,0.0,0.0,5329.3
2011-05,18 Nordland,0.0,0.0,10027.9
2011-05,19 Troms - Romsa,0.0,0.0,6394.7
2011-05,20 Finnmark - Finnmárku,0.0,0.0,2288.1
2011-05,21 Svalbard,0.0,0.0,283.8
2011-05,23 Kontinentalsokkelen,22201.1,36413.6,60653.4
2011-05,24 Kildeskatt på pensjon,0.0,0.0,83.4
2011-06,01 Østfold,0.0,0.0,12653.1
2011-06,02 Akershus,0.0,0.0,42051.6
2011-06,03 Oslo,0.0,0.0,71809.5
2011-06,04 Hedmark,0.0,0.0,8271.0
2011-06,05 Oppland,0.0,0.0,8123.2
2011-06,06 Buskerud,0.0,0.0,15610.1
2011-06,07 Vestfold,0.0,0.0,11271.2
2011-06,08 Telemark,0.0,0.0,8240.7
2011-06,09 Aust-Agder,0.0,0.0,5207.5
2011-06,10 Vest-Agder,0.0,0.0,10938.1
2011-06,11 Rogaland,0.0,0.0,34811.3
2011-06,12 Hordaland,0.0,0.0,29851.0
2011-06,14 Sogn og Fjordane,0.0,0.0,5435.6
2011-06,15 Møre og Romsdal,0.0,0.0,14321.1
2011-06,16 Sør-Trøndelag,0.0,0.0,16211.1
2011-06,17 Nord-Trøndelag,0.0,0.0,5375.2
2011-06,18 Nordland,0.0,0.0,10105.5
2011-06,19 Troms - Romsa,0.0,0.0,6489.5
2011-06,20 Finnmark - Finnmárku,0.0,0.0,2318.4
2011-06,21 Svalbard,0.0,0.0,284.2
2011-06,23 Kontinentalsokkelen,33108.3,54296.7,89583.2
2011-06,24 Kildeskatt på pensjon,0.0,0.0,141.7
2011-07,01 Østfold,0.0,0.0,15586.7
2011-07,02 Akershus,0.0,0.0,50634.4
2011-07,03 Oslo,0.0,0.0,84733.4
2011-07,04 Hedmark,0.0,0.0,10228.6
2011-07,05 Oppland,0.0,0.0,9974.9
2011-07,06 Buskerud,0.0,0.0,18945.8
2011-07,07 Vestfold,0.0,0.0,13979.3
2011-07,08 Telemark,0.0,0.0,10181.9
2011-07,09 Aust-Agder,0.0,0.0,6404.2
2011-07,10 Vest-Agder,0.0,0.0,13142.9
2011-07,11 Rogaland,0.0,0.0,42776.6
2011-07,12 Hordaland,0.0,0.0,36338.1
2011-07,14 Sogn og Fjordane,0.0,0.0,6625.8
2011-07,15 Møre og Romsdal,0.0,0.0,17565.7
2011-07,16 Sør-Trøndelag,0.0,0.0,19775.0
2011-07,17 Nord-Trøndelag,0.0,0.0,6658.9
2011-07,18 Nordland,0.0,0.0,12326.7
2011-07,19 Troms - Romsa,0.0,0.0,8010.8
2011-07,20 Finnmark - Finnmárku,0.0,0.0,2851.3
2011-07,21 Svalbard,0.0,0.0,332.6
2011-07,23 Kontinentalsokkelen,33020.2,54153.5,89844.2
2011-07,24 Kildeskatt på pensjon,0.0,0.0,205.8
2011-08,01 Østfold,0.0,0.0,15754.7
2011-08,02 Akershus,0.0,0.0,51086.9
2011-08,03 Oslo,0.0,0.0,86128.1
2011-08,04 Hedmark,0.0,0.0,10317.3
2011-08,05 Oppland,0.0,0.0,10063.5
2011-08,06 Buskerud,0.0,0.0,19132.7
2011-08,07 Vestfold,0.0,0.0,14145.7
2011-08,08 Telemark,0.0,0.0,10287.2
2011-08,09 Aust-Agder,0.0,0.0,6474.8
2011-08,10 Vest-Agder,0.0,0.0,13260.9
2011-08,11 Rogaland,0.0,0.0,43123.8
2011-08,12 Hordaland,0.0,0.0,36770.7
2011-08,14 Sogn og Fjordane,0.0,0.0,6698.5
2011-08,15 Møre og Romsdal,0.0,0.0,17723.6
2011-08,16 Sør-Trøndelag,0.0,0.0,19949.6
2011-08,17 Nord-Trøndelag,0.0,0.0,6729.0
2011-08,18 Nordland,0.0,0.0,12420.3
2011-08,19 Troms - Romsa,0.0,0.0,8097.3
2011-08,20 Finnmark - Finnmárku,0.0,0.0,2885.9
2011-08,21 Svalbard,0.0,0.0,346.6
2011-08,23 Kontinentalsokkelen,48052.1,78780.1,129582.4
2011-08,24 Kildeskatt på pensjon,0.0,0.0,205.9
2011-09,01 Østfold,0.0,0.0,19555.0
2011-09,02 Akershus,0.0,0.0,61915.1
2011-09,03 Oslo,0.0,0.0,101667.9
2011-09,04 Hedmark,0.0,0.0,12825.0
2011-09,05 Oppland,0.0,0.0,12512.1
2011-09,06 Buskerud,0.0,0.0,23380.2
2011-09,07 Vestfold,0.0,0.0,17677.7
2011-09,08 Telemark,0.0,0.0,12752.3
2011-09,09 Aust-Agder,0.0,0.0,8028.9
2011-09,10 Vest-Agder,0.0,0.0,15982.8
2011-09,11 Rogaland,0.0,0.0,52145.4
2011-09,12 Hordaland,0.0,0.0,44930.1
2011-09,14 Sogn og Fjordane,0.0,0.0,8259.5
2011-09,15 Møre og Romsdal,0.0,0.0,21683.2
2011-09,16 Sør-Trøndelag,0.0,0.0,24623.8
2011-09,17 Nord-Trøndelag,0.0,0.0,8411.5
2011-09,18 Nordland,0.0,0.0,15444.6
2011-09,19 Troms - Romsa,0.0,0.0,10188.0
2011-09,20 Finnmark - Finnmárku,0.0,0.0,3633.4
2011-09,21 Svalbard,0.0,0.0,349.3
2011-09,23 Kontinentalsokkelen,48811.4,80023.8,132105.4
2011-09,24 Kildeskatt på pensjon,0.0,0.0,274.1
2011-10,01 Østfold,0.0,0.0,19321.7
2011-10,02 Akershus,0.0,0.0,61523.9
2011-10,03 Oslo,0.0,0.0,100287.3
2011-10,04 Hedmark,0.0,0.0,12699.3
2011-10,05 Oppland,0.0,0.0,12348.0
2011-10,06 Buskerud,0.0,0.0,23130.4
2011-10,07 Vestfold,0.0,0.0,17480.8
2011-10,08 Telemark,0.0,0.0,12579.6
2011-10,09 Aust-Agder,0.0,0.0,7978.0
2011-10,10 Vest-Agder,0.0,0.0,15830.7
2011-10,11 Rogaland,0.0,0.0,51541.5
2011-10,12 Hordaland,0.0,0.0,44432.9
2011-10,14 Sogn og Fjordane,0.0,0.0,8133.6
2011-10,15 Møre og Romsdal,0.0,0.0,21356.1
2011-10,16 Sør-Trøndelag,0.0,0.0,24438.9
2011-10,17 Nord-Trøndelag,0.0,0.0,8314.4
2011-10,18 Nordland,0.0,0.0,15215.3
2011-10,19 Troms - Romsa,0.0,0.0,10057.2
2011-10,20 Finnmark - Finnmárku,0.0,0.0,3603.3
2011-10,21 Svalbard,0.0,0.0,349.8
2011-10,23 Kontinentalsokkelen,63389.2,103901.8,170735.2
2011-10,24 Kildeskatt på pensjon,0.0,0.0,318.7
2011-11,01 Østfold,0.0,0.0,23883.1
2011-11,02 Akershus,0.0,0.0,75591.6
2011-11,03 Oslo,0.0,0.0,125062.9
2011-11,04 Hedmark,0.0,0.0,15534.9
2011-11,05 Oppland,0.0,0.0,15317.0
2011-11,06 Buskerud,0.0,0.0,28284.2
2011-11,07 Vestfold,0.0,0.0,21636.1
2011-11,08 Telemark,0.0,0.0,15670.0
2011-11,09 Aust-Agder,0.0,0.0,9812.5
2011-11,10 Vest-Agder,0.0,0.0,19045.2
2011-11,11 Rogaland,0.0,0.0,63671.4
2011-11,12 Hordaland,0.0,0.0,55088.5
2011-11,14 Sogn og Fjordane,0.0,0.0,10000.9
2011-11,15 Møre og Romsdal,0.0,0.0,26754.1
2011-11,16 Sør-Trøndelag,0.0,0.0,30091.3
2011-11,17 Nord-Trøndelag,0.0,0.0,10314.5
2011-11,18 Nordland,0.0,0.0,19130.8
2011-11,19 Troms - Romsa,0.0,0.0,12609.5
2011-11,20 Finnmark - Finnmárku,0.0,0.0,4452.8
2011-11,21 Svalbard,0.0,0.0,860.9
2011-11,23 Kontinentalsokkelen,63595.1,103695.9,171491.7
2011-11,24 Kildeskatt på pensjon,0.0,0.0,402.0
2011-12,01 Østfold,0.0,0.0,24143.2
2011-12,02 Akershus,0.0,0.0,76449.3
2011-12,03 Oslo,0.0,0.0,126472.8
2011-12,04 Hedmark,0.0,0.0,15691.5
2011-12,05 Oppland,0.0,0.0,15455.7
2011-12,06 Buskerud,0.0,0.0,28551.7
2011-12,07 Vestfold,0.0,0.0,21856.6
2011-12,08 Telemark,0.0,0.0,15820.7
2011-12,09 Aust-Agder,0.0,0.0,9933.1
2011-12,10 Vest-Agder,0.0,0.0,19234.5
2011-12,11 Rogaland,0.0,0.0,63557.8
2011-12,12 Hordaland,0.0,0.0,55610.2
2011-12,14 Sogn og Fjordane,0.0,0.0,10067.1
2011-12,15 Møre og Romsdal,0.0,0.0,26971.6
2011-12,16 Sør-Trøndelag,0.0,0.0,30337.7
2011-12,17 Nord-Trøndelag,0.0,0.0,10394.6
2011-12,18 Nordland,0.0,0.0,19276.5
2011-12,19 Troms - Romsa,0.0,0.0,12741.6
2011-12,20 Finnmark - Finnmárku,0.0,0.0,4496.9
2011-12,21 Svalbard,0.0,0.0,863.3
2011-12,23 Kontinentalsokkelen,78243.3,127693.3,210336.3
2011-12,24 Kildeskatt på pensjon,0.0,0.0,400.9
2012-01,01 Østfold,0.0,0.0,3116.0
2012-01,02 Akershus,0.0,0.0,9094.9
2012-01,03 Oslo,0.0,0.0,14157.7
2012-01,04 Hedmark,0.0,0.0,2094.4
2012-01,05 Oppland,0.0,0.0,1966.2
2012-01,06 Buskerud,0.0,0.0,3602.8
2012-01,07 Vestfold,0.0,0.0,2911.8
2012-01,08 Telemark,0.0,0.0,2045.7
2012-01,09 Aust-Agder,0.0,0.0,1274.3
2012-01,10 Vest-Agder,0.0,0.0,2312.9
2012-01,11 Rogaland,0.0,0.0,8260.9
2012-01,12 Hordaland,0.0,0.0,7141.1
2012-01,14 Sogn og Fjordane,0.0,0.0,1332.9
2012-01,15 Møre og Romsdal,0.0,0.0,3573.6
2012-01,16 Sør-Trøndelag,0.0,0.0,4042.2
2012-01,17 Nord-Trøndelag,0.0,0.0,1389.9
2012-01,18 Nordland,0.0,0.0,2470.9
2012-01,19 Troms - Romsa,0.0,0.0,1732.2
2012-01,20 Finnmark - Finnmárku,0.0,0.0,602.6
2012-01,21 Svalbard,0.0,0.0,62.9
2012-01,23 Kontinentalsokkelen,28.5,46.7,692.1
2012-01,24 Kildeskatt på pensjon,0.0,0.0,63.8
2012-02,01 Østfold,0.0,0.0,4035.7
2012-02,02 Akershus,0.0,0.0,12796.9
2012-02,03 Oslo,0.0,0.0,23343.8
2012-02,04 Hedmark,0.0,0.0,2617.3
2012-02,05 Oppland,0.0,0.0,2630.7
2012-02,06 Buskerud,0.0,0.0,4956.6
2012-02,07 Vestfold,0.0,0.0,3535.0
2012-02,08 Telemark,0.0,0.0,2648.5
2012-02,09 Aust-Agder,0.0,0.0,1673.2
2012-02,10 Vest-Agder,0.0,0.0,3811.8
2012-02,11 Rogaland,0.0,0.0,11405.1
2012-02,12 Hordaland,0.0,0.0,10041.0
2012-02,14 Sogn og Fjordane,0.0,0.0,1849.1
2012-02,15 Møre og Romsdal,0.0,0.0,4993.1
2012-02,16 Sør-Trøndelag,0.0,0.0,5330.0
2012-02,17 Nord-Trøndelag,0.0,0.0,1783.4
2012-02,18 Nordland,0.0,0.0,3413.5
2012-02,19 Troms - Romsa,0.0,0.0,2185.8
2012-02,20 Finnmark - Finnmárku,0.0,0.0,761.6
2012-02,21 Svalbard,0.0,0.0,87.2
2012-02,23 Kontinentalsokkelen,13922.7,22817.9,37631.1
2012-02,24 Kildeskatt på pensjon,0.0,0.0,63.5
2012-03,01 Østfold,0.0,0.0,7955.5
2012-03,02 Akershus,0.0,0.0,24418.2
2012-03,03 Oslo,0.0,0.0,40080.2
2012-03,04 Hedmark,0.0,0.0,5221.8
2012-03,05 Oppland,0.0,0.0,5115.8
2012-03,06 Buskerud,0.0,0.0,9467.8
2012-03,07 Vestfold,0.0,0.0,7153.2
2012-03,08 Telemark,0.0,0.0,5132.6
2012-03,09 Aust-Agder,0.0,0.0,3249.7
2012-03,10 Vest-Agder,0.0,0.0,6592.0
2012-03,11 Rogaland,0.0,0.0,21489.8
2012-03,12 Hordaland,0.0,0.0,18657.0
2012-03,14 Sogn og Fjordane,0.0,0.0,3398.1
2012-03,15 Møre og Romsdal,0.0,0.0,9150.5
2012-03,16 Sør-Trøndelag,0.0,0.0,10122.4
2012-03,17 Nord-Trøndelag,0.0,0.0,3485.8
2012-03,18 Nordland,0.0,0.0,6394.7
2012-03,19 Troms - Romsa,0.0,0.0,4262.1
2012-03,20 Finnmark - Finnmárku,0.0,0.0,1491.0
2012-03,21 Svalbard,0.0,0.0,225.2
2012-03,23 Kontinentalsokkelen,14153.7,23196.3,38898.1
2012-03,24 Kildeskatt på pensjon,0.0,0.0,130.8
2012-04,01 Østfold,0.0,0.0,8670.3
2012-04,02 Akershus,0.0,0.0,28733.9
2012-04,03 Oslo,0.0,0.0,49360.9
2012-04,04 Hedmark,0.0,0.0,5663.3
2012-04,05 Oppland,0.0,0.0,5601.5
2012-04,06 Buskerud,0.0,0.0,10787.5
2012-04,07 Vestfold,0.0,0.0,7696.6
2012-04,08 Telemark,0.0,0.0,5797.4
2012-04,09 Aust-Agder,0.0,0.0,3636.4
2012-04,10 Vest-Agder,0.0,0.0,8070.0
2012-04,11 Rogaland,0.0,0.0,24023.2
2012-04,12 Hordaland,0.0,0.0,21278.9
2012-04,14 Sogn og Fjordane,0.0,0.0,3856.6
2012-04,15 Møre og Romsdal,0.0,0.0,10400.1
2012-04,16 Sør-Trøndelag,0.0,0.0,11340.9
2012-04,17 Nord-Trøndelag,0.0,0.0,3809.2
2012-04,18 Nordland,0.0,0.0,7263.8
2012-04,19 Troms - Romsa,0.0,0.0,4681.6
2012-04,20 Finnmark - Finnmárku,0.0,0.0,1642.6
2012-04,21 Svalbard,0.0,0.0,278.4
2012-04,23 Kontinentalsokkelen,27712.7,45406.0,75059.8
2012-04,24 Kildeskatt på pensjon,0.0,0.0,130.4
2012-05,01 Østfold,0.0,0.0,13045.4
2012-05,02 Akershus,0.0,0.0,44881.0
2012-05,03 Oslo,0.0,0.0,71403.2
2012-05,04 Hedmark,0.0,0.0,8530.9
2012-05,05 Oppland,0.0,0.0,8371.7
2012-05,06 Buskerud,0.0,0.0,15941.0
2012-05,07 Vestfold,0.0,0.0,11813.3
2012-05,08 Telemark,0.0,0.0,8614.9
2012-05,09 Aust-Agder,0.0,0.0,5461.5
2012-05,10 Vest-Agder,0.0,0.0,12767.7
2012-05,11 Rogaland,0.0,0.0,35916.8
2012-05,12 Hordaland,0.0,0.0,31489.0
2012-05,14 Sogn og Fjordane,0.0,0.0,5739.8
2012-05,15 Møre og Romsdal,0.0,0.0,15146.9
2012-05,16 Sør-Trøndelag,0.0,0.0,17005.1
2012-05,17 Nord-Trøndelag,0.0,0.0,5697.4
2012-05,18 Nordland,0.0,0.0,10638.3
2012-05,19 Troms - Romsa,0.0,0.0,7086.5
2012-05,20 Finnmark - Finnmárku,0.0,0.0,2477.0
2012-05,21 Svalbard,0.0,0.0,413.7
2012-05,23 Kontinentalsokkelen,27732.7,45438.6,75749.0
2012-05,24 Kildeskatt på pensjon,0.0,0.0,126.2
2012-06,01 Østfold,0.0,0.0,13242.4
2012-06,02 Akershus,0.0,0.0,45459.4
2012-06,03 Oslo,0.0,0.0,72058.8
2012-06,04 Hedmark,0.0,0.0,8636.7
2012-06,05 Oppland,0.0,0.0,8475.5
2012-06,06 Buskerud,0.0,0.0,16173.7
2012-06,07 Vestfold,0.0,0.0,11964.3
2012-06,08 Telemark,0.0,0.0,8693.2
2012-06,09 Aust-Agder,0.0,0.0,5516.5
2012-06,10 Vest-Agder,0.0,0.0,12871.9
2012-06,11 Rogaland,0.0,0.0,36154.6
2012-06,12 Hordaland,0.0,0.0,31836.8
2012-06,14 Sogn og Fjordane,0.0,0.0,5823.7
2012-06,15 Møre og Romsdal,0.0,0.0,15299.2
2012-06,16 Sør-Trøndelag,0.0,0.0,17146.5
2012-06,17 Nord-Trøndelag,0.0,0.0,5742.8
2012-06,18 Nordland,0.0,0.0,10744.5
2012-06,19 Troms - Romsa,0.0,0.0,7144.5
2012-06,20 Finnmark - Finnmárku,0.0,0.0,2504.0
2012-06,21 Svalbard,0.0,0.0,414.2
2012-06,23 Kontinentalsokkelen,41450.6,67916.5,112014.1
2012-06,24 Kildeskatt på pensjon,0.0,0.0,125.8
2012-07,01 Østfold,0.0,0.0,16381.8
2012-07,02 Akershus,0.0,0.0,54666.3
2012-07,03 Oslo,0.0,0.0,85731.3
2012-07,04 Hedmark,0.0,0.0,10701.2
2012-07,05 Oppland,0.0,0.0,10427.3
2012-07,06 Buskerud,0.0,0.0,19786.3
2012-07,07 Vestfold,0.0,0.0,14896.0
2012-07,08 Telemark,0.0,0.0,10731.6
2012-07,09 Aust-Agder,0.0,0.0,6778.4
2012-07,10 Vest-Agder,0.0,0.0,15234.5
2012-07,11 Rogaland,0.0,0.0,45364.5
2012-07,12 Hordaland,0.0,0.0,38823.9
2012-07,14 Sogn og Fjordane,0.0,0.0,7123.2
2012-07,15 Møre og Romsdal,0.0,0.0,18701.5
2012-07,16 Sør-Trøndelag,0.0,0.0,20973.9
2012-07,17 Nord-Trøndelag,0.0,0.0,7124.5
2012-07,18 Nordland,0.0,0.0,13123.9
2012-07,19 Troms - Romsa,0.0,0.0,8742.3
2012-07,20 Finnmark - Finnmárku,0.0,0.0,3059.2
2012-07,21 Svalbard,0.0,0.0,484.7
2012-07,23 Kontinentalsokkelen,41692.5,68322.8,113382.2
2012-07,24 Kildeskatt på pensjon,0.0,0.0,211.2
2012-08,01 Østfold,0.0,0.0,16667.1
2012-08,02 Akershus,0.0,0.0,55374.7
2012-08,03 Oslo,0.0,0.0,87044.5
2012-08,04 Hedmark,0.0,0.0,10859.5
2012-08,05 Oppland,0.0,0.0,10578.9
2012-08,06 Buskerud,0.0,0.0,20075.9
2012-08,07 Vestfold,0.0,0.0,15124.7
2012-08,08 Telemark,0.0,0.0,10887.5
2012-08,09 Aust-Agder,0.0,0.0,6909.5
2012-08,10 Vest-Agder,0.0,0.0,15409.9
2012-08,11 Rogaland,0.0,0.0,45880.7
2012-08,12 Hordaland,0.0,0.0,39341.5
2012-08,14 Sogn og Fjordane,0.0,0.0,7206.2
2012-08,15 Møre og Romsdal,0.0,0.0,18964.3
2012-08,16 Sør-Trøndelag,0.0,0.0,21241.7
2012-08,17 Nord-Trøndelag,0.0,0.0,7213.5
2012-08,18 Nordland,0.0,0.0,13307.4
2012-08,19 Troms - Romsa,0.0,0.0,8866.4
2012-08,20 Finnmark - Finnmárku,0.0,0.0,3116.5
2012-08,21 Svalbard,0.0,0.0,478.9
2012-08,23 Kontinentalsokkelen,56641.5,93430.0,153488.3
2012-08,24 Kildeskatt på pensjon,0.0,0.0,212.5
2012-09,01 Østfold,0.0,0.0,20685.8
2012-09,02 Akershus,0.0,0.0,67055.4
2012-09,03 Oslo,0.0,0.0,103767.5
2012-09,04 Hedmark,0.0,0.0,13552.7
2012-09,05 Oppland,0.0,0.0,13163.7
2012-09,06 Buskerud,0.0,0.0,24650.7
2012-09,07 Vestfold,0.0,0.0,19321.3
2012-09,08 Telemark,0.0,0.0,13478.3
2012-09,09 Aust-Agder,0.0,0.0,8551.3
2012-09,10 Vest-Agder,0.0,0.0,18302.6
2012-09,11 Rogaland,0.0,0.0,55872.3
2012-09,12 Hordaland,0.0,0.0,48155.2
2012-09,14 Sogn og Fjordane,0.0,0.0,8854.9
2012-09,15 Møre og Romsdal,0.0,0.0,23216.3
2012-09,16 Sør-Trøndelag,0.0,0.0,26234.5
2012-09,17 Nord-Trøndelag,0.0,0.0,9029.0
2012-09,18 Nordland,0.0,0.0,16500.2
2012-09,19 Troms - Romsa,0.0,0.0,11082.4
2012-09,20 Finnmark - Finnmárku,0.0,0.0,3891.3
2012-09,21 Svalbard,0.0,0.0,480.8
2012-09,23 Kontinentalsokkelen,56631.8,93404.2,154149.4
2012-09,24 Kildeskatt på pensjon,0.0,0.0,280.6
2012-10,01 Østfold,0.0,0.0,20605.6
2012-10,02 Akershus,0.0,0.0,66837.8
2012-10,03 Oslo,0.0,0.0,101317.9
2012-10,04 Hedmark,0.0,0.0,13391.7
2012-10,05 Oppland,0.0,0.0,13094.5
2012-10,06 Buskerud,0.0,0.0,24585.6
2012-10,07 Vestfold,0.0,0.0,19305.7
2012-10,08 Telemark,0.0,0.0,13376.8
2012-10,09 Aust-Agder,0.0,0.0,8496.4
2012-10,10 Vest-Agder,0.0,0.0,18141.1
2012-10,11 Rogaland,0.0,0.0,55632.6
2012-10,12 Hordaland,0.0,0.0,48056.3
2012-10,14 Sogn og Fjordane,0.0,0.0,8733.4
2012-10,15 Møre og Romsdal,0.0,0.0,22923.1
2012-10,16 Sør-Trøndelag,0.0,0.0,25867.5
2012-10,17 Nord-Trøndelag,0.0,0.0,9015.8
2012-10,18 Nordland,0.0,0.0,16336.2
2012-10,19 Troms - Romsa,0.0,0.0,10946.3
2012-10,20 Finnmark - Finnmárku,0.0,0.0,3870.8
2012-10,21 Svalbard,0.0,0.0,471.7
2012-10,23 Kontinentalsokkelen,71951.6,119134.5,195325.3
2012-10,24 Kildeskatt på pensjon,0.0,0.0,339.3
2012-11,01 Østfold,0.0,0.0,25205.9
2012-11,02 Akershus,0.0,0.0,80962.9
2012-11,03 Oslo,0.0,0.0,122579.1
2012-11,04 Hedmark,0.0,0.0,16410.9
2012-11,05 Oppland,0.0,0.0,16001.8
2012-11,06 Buskerud,0.0,0.0,30552.3
2012-11,07 Vestfold,0.0,0.0,23629.6
2012-11,08 Telemark,0.0,0.0,16358.2
2012-11,09 Aust-Agder,0.0,0.0,10361.3
2012-11,10 Vest-Agder,0.0,0.0,21481.6
2012-11,11 Rogaland,0.0,0.0,68168.0
2012-11,12 Hordaland,0.0,0.0,59552.8
2012-11,14 Sogn og Fjordane,0.0,0.0,10656.0
2012-11,15 Møre og Romsdal,0.0,0.0,28413.0
2012-11,16 Sør-Trøndelag,0.0,0.0,31793.1
2012-11,17 Nord-Trøndelag,0.0,0.0,11051.5
2012-11,18 Nordland,0.0,0.0,20067.1
2012-11,19 Troms - Romsa,0.0,0.0,13539.1
2012-11,20 Finnmark - Finnmárku,0.0,0.0,4760.2
2012-11,21 Svalbard,0.0,0.0,510.3
2012-11,23 Kontinentalsokkelen,71964.8,119588.3,196699.4
2012-11,24 Kildeskatt på pensjon,0.0,0.0,415.4
2012-12,01 Østfold,0.0,0.0,25356.3
2012-12,02 Akershus,0.0,0.0,81520.5
2012-12,03 Oslo,0.0,0.0,123614.8
2012-12,04 Hedmark,0.0,0.0,16502.9
2012-12,05 Oppland,0.0,0.0,16077.7
2012-12,06 Buskerud,0.0,0.0,30750.8
2012-12,07 Vestfold,0.0,0.0,23774.2
2012-12,08 Telemark,0.0,0.0,16423.7
2012-12,09 Aust-Agder,0.0,0.0,10423.4
2012-12,10 Vest-Agder,0.0,0.0,21579.2
2012-12,11 Rogaland,0.0,0.0,68567.7
2012-12,12 Hordaland,0.0,0.0,59901.1
2012-12,14 Sogn og Fjordane,0.0,0.0,10701.3
2012-12,15 Møre og Romsdal,0.0,0.0,28557.6
2012-12,16 Sør-Trøndelag,0.0,0.0,31902.7
2012-12,17 Nord-Trøndelag,0.0,0.0,11091.1
2012-12,18 Nordland,0.0,0.0,20148.0
2012-12,19 Troms - Romsa,0.0,0.0,13599.1
2012-12,20 Finnmark - Finnmárku,0.0,0.0,4777.8
2012-12,21 Svalbard,0.0,0.0,595.2
2012-12,23 Kontinentalsokkelen,85803.0,142867.9,233934.5
2012-12,24 Kildeskatt på pensjon,0.0,0.0,416.4
2013-01,01 Østfold,0.0,0.0,3372.2
2013-01,02 Akershus,0.0,0.0,9776.8
2013-01,03 Oslo,0.0,0.0,14838.1
2013-01,04 Hedmark,0.0,0.0,2232.0
2013-01,05 Oppland,0.0,0.0,2103.8
2013-01,06 Buskerud,0.0,0.0,3903.7
2013-01,07 Vestfold,0.0,0.0,3114.1
2013-01,08 Telemark,0.0,0.0,2175.2
2013-01,09 Aust-Agder,0.0,0.0,1346.2
2013-01,10 Vest-Agder,0.0,0.0,2505.0
2013-01,11 Rogaland,0.0,0.0,9017.7
2013-01,12 Hordaland,0.0,0.0,7662.2
2013-01,14 Sogn og Fjordane,0.0,0.0,1420.4
2013-01,15 Møre og Romsdal,0.0,0.0,3724.5
2013-01,16 Sør-Trøndelag,0.0,0.0,4384.1
2013-01,17 Nord-Trøndelag,0.0,0.0,1518.8
2013-01,18 Nordland,0.0,0.0,2609.6
2013-01,19 Troms - Romsa,0.0,0.0,1837.6
2013-01,20 Finnmark - Finnmárku,0.0,0.0,649.7
2013-01,21 Svalbard,0.0,0.0,66.0
2013-01,23 Kontinentalsokkelen,23.9,40.1,864.8
2013-01,24 Kildeskatt på pensjon,0.0,0.0,65.8
2013-02,01 Østfold,0.0,0.0,4212.1
2013-02,02 Akershus,0.0,0.0,14362.2
2013-02,03 Oslo,0.0,0.0,23423.9
2013-02,04 Hedmark,0.0,0.0,2672.1
2013-02,05 Oppland,0.0,0.0,2679.2
2013-02,06 Buskerud,0.0,0.0,5253.1
2013-02,07 Vestfold,0.0,0.0,3686.5
2013-02,08 Telemark,0.0,0.0,2801.0
2013-02,09 Aust-Agder,0.0,0.0,1736.2
2013-02,10 Vest-Agder,0.0,0.0,3740.1
2013-02,11 Rogaland,0.0,0.0,11614.6
2013-02,12 Hordaland,0.0,0.0,10505.1
2013-02,14 Sogn og Fjordane,0.0,0.0,1912.0
2013-02,15 Møre og Romsdal,0.0,0.0,5299.7
2013-02,16 Sør-Trøndelag,0.0,0.0,5660.8
2013-02,17 Nord-Trøndelag,0.0,0.0,1890.0
2013-02,18 Nordland,0.0,0.0,3486.3
2013-02,19 Troms - Romsa,0.0,0.0,2242.1
2013-02,20 Finnmark - Finnmárku,0.0,0.0,818.9
2013-02,21 Svalbard,0.0,0.0,84.7
2013-02,23 Kontinentalsokkelen,13248.0,22250.5,36563.0
2013-02,24 Kildeskatt på pensjon,0.0,0.0,65.7
2013-03,01 Østfold,0.0,0.0,8287.8
2013-03,02 Akershus,0.0,0.0,26708.7
2013-03,03 Oslo,0.0,0.0,40835.0
2013-03,04 Hedmark,0.0,0.0,5451.7
2013-03,05 Oppland,0.0,0.0,5282.6
2013-03,06 Buskerud,0.0,0.0,10044.2
2013-03,07 Vestfold,0.0,0.0,7547.1
2013-03,08 Telemark,0.0,0.0,5408.0
2013-03,09 Aust-Agder,0.0,0.0,3416.2
2013-03,10 Vest-Agder,0.0,0.0,6718.2
2013-03,11 Rogaland,0.0,0.0,22430.2
2013-03,12 Hordaland,0.0,0.0,19735.1
2013-03,14 Sogn og Fjordane,0.0,0.0,3556.0
2013-03,15 Møre og Romsdal,0.0,0.0,9594.3
2013-03,16 Sør-Trøndelag,0.0,0.0,10788.0
2013-03,17 Nord-Trøndelag,0.0,0.0,3730.1
2013-03,18 Nordland,0.0,0.0,6596.4
2013-03,19 Troms - Romsa,0.0,0.0,4448.8
2013-03,20 Finnmark - Finnmárku,0.0,0.0,1582.5
2013-03,21 Svalbard,0.0,0.0,87.2
2013-03,23 Kontinentalsokkelen,13272.4,22292.0,37290.8
2013-03,24 Kildeskatt på pensjon,0.0,0.0,136.1
2013-04,01 Østfold,0.0,0.0,9143.2
2013-04,02 Akershus,0.0,0.0,31338.3
2013-04,03 Oslo,0.0,0.0,49193.2
2013-04,04 Hedmark,0.0,0.0,5948.6
2013-04,05 Oppland,0.0,0.0,5733.1
2013-04,06 Buskerud,0.0,0.0,11295.1
2013-04,07 Vestfold,0.0,0.0,8159.3
2013-04,08 Telemark,0.0,0.0,6062.5
2013-04,09 Aust-Agder,0.0,0.0,3804.1
2013-04,10 Vest-Agder,0.0,0.0,8002.2
2013-04,11 Rogaland,0.0,0.0,24875.1
2013-04,12 Hordaland,0.0,0.0,22366.1
2013-04,14 Sogn og Fjordane,0.0,0.0,4020.9
2013-04,15 Møre og Romsdal,0.0,0.0,10931.0
2013-04,16 Sør-Trøndelag,0.0,0.0,11988.5
2013-04,17 Nord-Trøndelag,0.0,0.0,4030.2
2013-04,18 Nordland,0.0,0.0,7261.8
2013-04,19 Troms - Romsa,0.0,0.0,4880.1
2013-04,20 Finnmark - Finnmárku,0.0,0.0,1733.3
2013-04,21 Svalbard,0.0,0.0,100.6
2013-04,23 Kontinentalsokkelen,31395.6,52730.2,86171.0
2013-04,24 Kildeskatt på pensjon,0.0,0.0,135.5
2013-05,01 Østfold,0.0,0.0,13976.7
2013-05,02 Akershus,0.0,0.0,46789.8
2013-05,03 Oslo,0.0,0.0,75571.3
2013-05,04 Hedmark,0.0,0.0,8984.5
2013-05,05 Oppland,0.0,0.0,8665.1
2013-05,06 Buskerud,0.0,0.0,16867.4
2013-05,07 Vestfold,0.0,0.0,12636.7
2013-05,08 Telemark,0.0,0.0,8970.0
2013-05,09 Aust-Agder,0.0,0.0,5708.5
2013-05,10 Vest-Agder,0.0,0.0,11336.6
2013-05,11 Rogaland,0.0,0.0,38116.2
2013-05,12 Hordaland,0.0,0.0,33159.5
2013-05,14 Sogn og Fjordane,0.0,0.0,5952.3
2013-05,15 Møre og Romsdal,0.0,0.0,15973.4
2013-05,16 Sør-Trøndelag,0.0,0.0,17808.9
2013-05,17 Nord-Trøndelag,0.0,0.0,6059.9
2013-05,18 Nordland,0.0,0.0,10775.0
2013-05,19 Troms - Romsa,0.0,0.0,7344.1
2013-05,20 Finnmark - Finnmárku,0.0,0.0,2573.4
2013-05,21 Svalbard,0.0,0.0,103.5
2013-05,23 Kontinentalsokkelen,31325.8,52607.2,86680.0
2013-05,24 Kildeskatt på pensjon,0.0,0.0,195.3
2013-06,01 Østfold,0.0,0.0,14097.5
2013-06,02 Akershus,0.0,0.0,47490.3
2013-06,03 Oslo,0.0,0.0,77603.5
2013-06,04 Hedmark,0.0,0.0,9057.5
2013-06,05 Oppland,0.0,0.0,8739.9
2013-06,06 Buskerud,0.0,0.0,17004.9
2013-06,07 Vestfold,0.0,0.0,12801.4
2013-06,08 Telemark,0.0,0.0,9030.1
2013-06,09 Aust-Agder,0.0,0.0,5769.5
2013-06,10 Vest-Agder,0.0,0.0,11399.9
2013-06,11 Rogaland,0.0,0.0,38714.9
2013-06,12 Hordaland,0.0,0.0,33418.3
2013-06,14 Sogn og Fjordane,0.0,0.0,6005.9
2013-06,15 Møre og Romsdal,0.0,0.0,16104.8
2013-06,16 Sør-Trøndelag,0.0,0.0,17924.9
2013-06,17 Nord-Trøndelag,0.0,0.0,6102.3
2013-06,18 Nordland,0.0,0.0,10842.2
2013-06,19 Troms - Romsa,0.0,0.0,7424.3
2013-06,20 Finnmark - Finnmárku,0.0,0.0,2600.0
2013-06,21 Svalbard,0.0,0.0,103.4
2013-06,23 Kontinentalsokkelen,44391.2,74550.9,121792.9
2013-06,24 Kildeskatt på pensjon,0.0,0.0,195.4
2013-07,01 Østfold,0.0,0.0,17435.7
2013-07,02 Akershus,0.0,0.0,56909.9
2013-07,03 Oslo,0.0,0.0,92890.4
2013-07,04 Hedmark,0.0,0.0,11307.4
2013-07,05 Oppland,0.0,0.0,10812.3
2013-07,06 Buskerud,0.0,0.0,20874.0
2013-07,07 Vestfold,0.0,0.0,15930.4
2013-07,08 Telemark,0.0,0.0,11173.5
2013-07,09 Aust-Agder,0.0,0.0,7154.7
2013-07,10 Vest-Agder,0.0,0.0,13897.4
2013-07,11 Rogaland,0.0,0.0,48638.6
2013-07,12 Hordaland,0.0,0.0,40869.5
2013-07,14 Sogn og Fjordane,0.0,0.0,7368.7
2013-07,15 Møre og Romsdal,0.0,0.0,19768.3
2013-07,16 Sør-Trøndelag,0.0,0.0,22073.1
2013-07,17 Nord-Trøndelag,0.0,0.0,7582.0
2013-07,18 Nordland,0.0,0.0,13352.3
2013-07,19 Troms - Romsa,0.0,0.0,9151.1
2013-07,20 Finnmark - Finnmárku,0.0,0.0,3192.6
2013-07,21 Svalbard,0.0,0.0,172.8
2013-07,23 Kontinentalsokkelen,44517.5,74755.1,122917.9
2013-07,24 Kildeskatt på pensjon,0.0,0.0,265.2
2013-08,01 Østfold,0.0,0.0,17692.5
2013-08,02 Akershus,0.0,0.0,57624.0
2013-08,03 Oslo,0.0,0.0,93948.7
2013-08,04 Hedmark,0.0,0.0,11456.5
2013-08,05 Oppland,0.0,0.0,10948.0
2013-08,06 Buskerud,0.0,0.0,21162.5
2013-08,07 Vestfold,0.0,0.0,16127.8
2013-08,08 Telemark,0.0,0.0,11313.8
2013-08,09 Aust-Agder,0.0,0.0,7254.1
2013-08,10 Vest-Agder,0.0,0.0,14037.3
2013-08,11 Rogaland,0.0,0.0,49137.8
2013-08,12 Hordaland,0.0,0.0,41395.6
2013-08,14 Sogn og Fjordane,0.0,0.0,7453.8
2013-08,15 Møre og Romsdal,0.0,0.0,19977.7
2013-08,16 Sør-Trøndelag,0.0,0.0,22318.2
2013-08,17 Nord-Trøndelag,0.0,0.0,7674.6
2013-08,18 Nordland,0.0,0.0,13531.3
2013-08,19 Troms - Romsa,0.0,0.0,9269.7
2013-08,20 Finnmark - Finnmárku,0.0,0.0,3251.2
2013-08,21 Svalbard,0.0,0.0,175.0
2013-08,23 Kontinentalsokkelen,56325.1,93833.1,153883.5
2013-08,24 Kildeskatt på pensjon,0.0,0.0,266.0
2013-09,01 Østfold,0.0,0.0,21954.1
2013-09,02 Akershus,0.0,0.0,70029.6
2013-09,03 Oslo,0.0,0.0,111727.9
2013-09,04 Hedmark,0.0,0.0,14310.0
2013-09,05 Oppland,0.0,0.0,13657.7
2013-09,06 Buskerud,0.0,0.0,25972.6
2013-09,07 Vestfold,0.0,0.0,20095.2
2013-09,08 Telemark,0.0,0.0,13982.4
2013-09,09 Aust-Agder,0.0,0.0,8987.4
2013-09,10 Vest-Agder,0.0,0.0,17099.3
2013-09,11 Rogaland,0.0,0.0,59909.2
2013-09,12 Hordaland,0.0,0.0,50850.2
2013-09,14 Sogn og Fjordane,0.0,0.0,9200.3
2013-09,15 Møre og Romsdal,0.0,0.0,24402.4
2013-09,16 Sør-Trøndelag,0.0,0.0,27695.1
2013-09,17 Nord-Trøndelag,0.0,0.0,9591.7
2013-09,18 Nordland,0.0,0.0,16890.0
2013-09,19 Troms - Romsa,0.0,0.0,11589.8
2013-09,20 Finnmark - Finnmárku,0.0,0.0,4077.7
2013-09,21 Svalbard,0.0,0.0,176.7
2013-09,23 Kontinentalsokkelen,56321.3,93828.8,154648.9
2013-09,24 Kildeskatt på pensjon,0.0,0.0,341.7
2013-10,01 Østfold,0.0,0.0,21867.2
2013-10,02 Akershus,0.0,0.0,70083.0
2013-10,03 Oslo,0.0,0.0,111884.1
2013-10,04 Hedmark,0.0,0.0,14297.3
2013-10,05 Oppland,0.0,0.0,13624.8
2013-10,06 Buskerud,0.0,0.0,25952.9
2013-10,07 Vestfold,0.0,0.0,20101.3
2013-10,08 Telemark,0.0,0.0,13938.8
2013-10,09 Aust-Agder,0.0,0.0,8984.7
2013-10,10 Vest-Agder,0.0,0.0,17015.1
2013-10,11 Rogaland,0.0,0.0,59695.0
2013-10,12 Hordaland,0.0,0.0,50674.6
2013-10,14 Sogn og Fjordane,0.0,0.0,9110.2
2013-10,15 Møre og Romsdal,0.0,0.0,24144.0
2013-10,16 Sør-Trøndelag,0.0,0.0,27586.0
2013-10,17 Nord-Trøndelag,0.0,0.0,9575.1
2013-10,18 Nordland,0.0,0.0,16789.4
2013-10,19 Troms - Romsa,0.0,0.0,11521.4
2013-10,20 Finnmark - Finnmárku,0.0,0.0,4063.3
2013-10,21 Svalbard,0.0,0.0,180.2
2013-10,23 Kontinentalsokkelen,68647.7,113745.0,187135.4
2013-10,24 Kildeskatt på pensjon,0.0,0.0,370.5
2013-11,01 Østfold,0.0,0.0,26774.3
2013-11,02 Akershus,0.0,0.0,84759.6
2013-11,03 Oslo,0.0,0.0,135798.1
2013-11,04 Hedmark,0.0,0.0,17451.8
2013-11,05 Oppland,0.0,0.0,16608.4
2013-11,06 Buskerud,0.0,0.0,31678.0
2013-11,07 Vestfold,0.0,0.0,24591.5
2013-11,08 Telemark,0.0,0.0,16918.4
2013-11,09 Aust-Agder,0.0,0.0,10979.6
2013-11,10 Vest-Agder,0.0,0.0,20503.1
2013-11,11 Rogaland,0.0,0.0,72612.5
2013-11,12 Hordaland,0.0,0.0,62171.9
2013-11,14 Sogn og Fjordane,0.0,0.0,11097.3
2013-11,15 Møre og Romsdal,0.0,0.0,29450.0
2013-11,16 Sør-Trøndelag,0.0,0.0,34213.5
2013-11,17 Nord-Trøndelag,0.0,0.0,11714.0
2013-11,18 Nordland,0.0,0.0,20558.9
2013-11,19 Troms - Romsa,0.0,0.0,14098.8
2013-11,20 Finnmark - Finnmárku,0.0,0.0,4990.9
2013-11,21 Svalbard,0.0,0.0,214.6
2013-11,23 Kontinentalsokkelen,68994.1,114155.4,188870.4
2013-11,24 Kildeskatt på pensjon,0.0,0.0,461.1
2013-12,01 Østfold,0.0,0.0,26928.0
2013-12,02 Akershus,0.0,0.0,85436.1
2013-12,03 Oslo,0.0,0.0,136631.1
2013-12,04 Hedmark,0.0,0.0,17544.4
2013-12,05 Oppland,0.0,0.0,16695.7
2013-12,06 Buskerud,0.0,0.0,31864.2
2013-12,07 Vestfold,0.0,0.0,24751.7
2013-12,08 Telemark,0.0,0.0,16983.6
2013-12,09 Aust-Agder,0.0,0.0,11035.6
2013-12,10 Vest-Agder,0.0,0.0,20597.0
2013-12,11 Rogaland,0.0,0.0,72780.8
2013-12,12 Hordaland,0.0,0.0,62525.3
2013-12,14 Sogn og Fjordane,0.0,0.0,11154.4
2013-12,15 Møre og Romsdal,0.0,0.0,29592.1
2013-12,16 Sør-Trøndelag,0.0,0.0,34342.3
2013-12,17 Nord-Trøndelag,0.0,0.0,11762.0
2013-12,18 Nordland,0.0,0.0,20659.2
2013-12,19 Troms - Romsa,0.0,0.0,14164.1
2013-12,20 Finnmark - Finnmárku,0.0,0.0,5029.4
2013-12,21 Svalbard,0.0,0.0,217.4
2013-12,23 Kontinentalsokkelen,76118.1,125385.7,207290.9
2013-12,24 Kildeskatt på pensjon,0.0,0.0,464.0
2014-01,01 Østfold,0.0,0.0,3432.7
2014-01,02 Akershus,0.0,0.0,10187.1
2014-01,03 Oslo,0.0,0.0,15491.4
2014-01,04 Hedmark,0.0,0.0,2300.1
2014-01,05 Oppland,0.0,0.0,2149.3
2014-01,06 Buskerud,0.0,0.0,3984.7
2014-01,07 Vestfold,0.0,0.0,3182.5
2014-01,08 Telemark,0.0,0.0,2167.4
2014-01,09 Aust-Agder,0.0,0.0,1412.4
2014-01,10 Vest-Agder,0.0,0.0,2573.1
2014-01,11 Rogaland,0.0,0.0,9866.2
2014-01,12 Hordaland,0.0,0.0,7967.8
2014-01,14 Sogn og Fjordane,0.0,0.0,1442.0
2014-01,15 Møre og Romsdal,0.0,0.0,3816.8
2014-01,16 Sør-Trøndelag,0.0,0.0,4518.5
2014-01,17 Nord-Trøndelag,0.0,0.0,1555.8
2014-01,18 Nordland,0.0,0.0,2673.0
2014-01,19 Troms - Romsa,0.0,0.0,1892.4
2014-01,20 Finnmark - Finnmárku,0.0,0.0,657.8
2014-01,21 Svalbard,0.0,0.0,44.4
2014-01,23 Kontinentalsokkelen,202.4,327.4,1380.2
2014-01,24 Kildeskatt på pensjon,0.0,0.0,71.7
2014-02,01 Østfold,0.0,0.0,4355.0
2014-02,02 Akershus,0.0,0.0,13372.5
2014-02,03 Oslo,0.0,0.0,28680.1
2014-02,04 Hedmark,0.0,0.0,2758.6
2014-02,05 Oppland,0.0,0.0,2663.8
2014-02,06 Buskerud,0.0,0.0,5207.2
2014-02,07 Vestfold,0.0,0.0,3808.5
2014-02,08 Telemark,0.0,0.0,2792.7
2014-02,09 Aust-Agder,0.0,0.0,1764.3
2014-02,10 Vest-Agder,0.0,0.0,4077.1
2014-02,11 Rogaland,0.0,0.0,12586.1
2014-02,12 Hordaland,0.0,0.0,10667.0
2014-02,14 Sogn og Fjordane,0.0,0.0,1946.4
2014-02,15 Møre og Romsdal,0.0,0.0,5103.2
2014-02,16 Sør-Trøndelag,0.0,0.0,5885.8
2014-02,17 Nord-Trøndelag,0.0,0.0,1885.4
2014-02,18 Nordland,0.0,0.0,3428.6
2014-02,19 Troms - Romsa,0.0,0.0,2276.5
2014-02,20 Finnmark - Finnmárku,0.0,0.0,821.1
2014-02,21 Svalbard,0.0,0.0,87.4
2014-02,23 Kontinentalsokkelen,11891.6,19214.0,32229.6
2014-02,24 Kildeskatt på pensjon,0.0,0.0,71.5
2014-03,01 Østfold,0.0,0.0,8583.6
2014-03,02 Akershus,0.0,0.0,26211.1
2014-03,03 Oslo,0.0,0.0,47880.1
2014-03,04 Hedmark,0.0,0.0,5569.0
2014-03,05 Oppland,0.0,0.0,5337.5
2014-03,06 Buskerud,0.0,0.0,10140.3
2014-03,07 Vestfold,0.0,0.0,7733.2
2014-03,08 Telemark,0.0,0.0,5429.3
2014-03,09 Aust-Agder,0.0,0.0,3470.9
2014-03,10 Vest-Agder,0.0,0.0,7142.3
2014-03,11 Rogaland,0.0,0.0,24069.6
2014-03,12 Hordaland,0.0,0.0,20657.6
2014-03,14 Sogn og Fjordane,0.0,0.0,3638.6
2014-03,15 Møre og Romsdal,0.0,0.0,9553.5
2014-03,16 Sør-Trøndelag,0.0,0.0,11229.3
2014-03,17 Nord-Trøndelag,0.0,0.0,3737.2
2014-03,18 Nordland,0.0,0.0,6637.4
2014-03,19 Troms - Romsa,0.0,0.0,4567.3
2014-03,20 Finnmark - Finnmárku,0.0,0.0,1598.9
2014-03,21 Svalbard,0.0,0.0,89.9
2014-03,23 Kontinentalsokkelen,11812.1,19080.0,32848.1
2014-03,24 Kildeskatt på pensjon,0.0,0.0,145.2
2014-04,01 Østfold,0.0,0.0,9420.3
2014-04,02 Akershus,0.0,0.0,29372.9
2014-04,03 Oslo,0.0,0.0,56638.0
2014-04,04 Hedmark,0.0,0.0,6011.8
2014-04,05 Oppland,0.0,0.0,5847.4
2014-04,06 Buskerud,0.0,0.0,11330.9
2014-04,07 Vestfold,0.0,0.0,8334.3
2014-04,08 Telemark,0.0,0.0,6063.5
2014-04,09 Aust-Agder,0.0,0.0,3831.2
2014-04,10 Vest-Agder,0.0,0.0,8594.2
2014-04,11 Rogaland,0.0,0.0,27033.1
2014-04,12 Hordaland,0.0,0.0,23431.4
2014-04,14 Sogn og Fjordane,0.0,0.0,4120.9
2014-04,15 Møre og Romsdal,0.0,0.0,10679.9
2014-04,16 Sør-Trøndelag,0.0,0.0,12614.1
2014-04,17 Nord-Trøndelag,0.0,0.0,4006.6
2014-04,18 Nordland,0.0,0.0,7453.8
2014-04,19 Troms - Romsa,0.0,0.0,4940.5
2014-04,20 Finnmark - Finnmárku,0.0,0.0,1740.9
2014-04,21 Svalbard,0.0,0.0,109.2
2014-04,23 Kontinentalsokkelen,24237.8,39157.1,65632.4
2014-04,24 Kildeskatt på pensjon,0.0,0.0,144.5
2014-05,01 Østfold,0.0,0.0,14167.5
2014-05,02 Akershus,0.0,0.0,44998.7
2014-05,03 Oslo,0.0,0.0,78289.0
2014-05,04 Hedmark,0.0,0.0,9077.4
2014-05,05 Oppland,0.0,0.0,8900.8
2014-05,06 Buskerud,0.0,0.0,16850.6
2014-05,07 Vestfold,0.0,0.0,12725.6
2014-05,08 Telemark,0.0,0.0,8953.7
2014-05,09 Aust-Agder,0.0,0.0,5729.0
2014-05,10 Vest-Agder,0.0,0.0,11907.6
2014-05,11 Rogaland,0.0,0.0,40441.1
2014-05,12 Hordaland,0.0,0.0,34567.8
2014-05,14 Sogn og Fjordane,0.0,0.0,5989.1
2014-05,15 Møre og Romsdal,0.0,0.0,15648.0
2014-05,16 Sør-Trøndelag,0.0,0.0,18605.9
2014-05,17 Nord-Trøndelag,0.0,0.0,6021.4
2014-05,18 Nordland,0.0,0.0,10965.6
2014-05,19 Troms - Romsa,0.0,0.0,7439.2
2014-05,20 Finnmark - Finnmárku,0.0,0.0,2582.9
2014-05,21 Svalbard,0.0,0.0,112.7
2014-05,23 Kontinentalsokkelen,24682.2,39875.1,67494.2
2014-05,24 Kildeskatt på pensjon,0.0,0.0,190.3
2014-06,01 Østfold,0.0,0.0,14363.4
2014-06,02 Akershus,0.0,0.0,45647.6
2014-06,03 Oslo,0.0,0.0,79853.5
2014-06,04 Hedmark,0.0,0.0,9190.1
2014-06,05 Oppland,0.0,0.0,9035.7
2014-06,06 Buskerud,0.0,0.0,17152.9
2014-06,07 Vestfold,0.0,0.0,12913.8
2014-06,08 Telemark,0.0,0.0,9053.0
2014-06,09 Aust-Agder,0.0,0.0,5872.7
2014-06,10 Vest-Agder,0.0,0.0,12034.7
2014-06,11 Rogaland,0.0,0.0,42176.7
2014-06,12 Hordaland,0.0,0.0,35171.2
2014-06,14 Sogn og Fjordane,0.0,0.0,6129.8
2014-06,15 Møre og Romsdal,0.0,0.0,15847.8
2014-06,16 Sør-Trøndelag,0.0,0.0,18825.7
2014-06,17 Nord-Trøndelag,0.0,0.0,6088.2
2014-06,18 Nordland,0.0,0.0,11110.8
2014-06,19 Troms - Romsa,0.0,0.0,7629.8
2014-06,20 Finnmark - Finnmárku,0.0,0.0,2617.0
2014-06,21 Svalbard,0.0,0.0,-1151.5
2014-06,23 Kontinentalsokkelen,36136.3,58382.1,97470.5
2014-06,24 Kildeskatt på pensjon,0.0,0.0,191.5
2014-07,01 Østfold,0.0,0.0,17790.5
2014-07,02 Akershus,0.0,0.0,55913.3
2014-07,03 Oslo,0.0,0.0,95544.0
2014-07,04 Hedmark,0.0,0.0,11462.8
2014-07,05 Oppland,0.0,0.0,11154.0
2014-07,06 Buskerud,0.0,0.0,21122.6
2014-07,07 Vestfold,0.0,0.0,16088.7
2014-07,08 Telemark,0.0,0.0,11229.0
2014-07,09 Aust-Agder,0.0,0.0,7267.7
2014-07,10 Vest-Agder,0.0,0.0,14608.5
2014-07,11 Rogaland,0.0,0.0,52158.9
2014-07,12 Hordaland,0.0,0.0,43008.4
2014-07,14 Sogn og Fjordane,0.0,0.0,7533.7
2014-07,15 Møre og Romsdal,0.0,0.0,19635.7
2014-07,16 Sør-Trøndelag,0.0,0.0,23076.8
2014-07,17 Nord-Trøndelag,0.0,0.0,7591.6
2014-07,18 Nordland,0.0,0.0,13654.2
2014-07,19 Troms - Romsa,0.0,0.0,9396.2
2014-07,20 Finnmark - Finnmárku,0.0,0.0,3229.9
2014-07,21 Svalbard,0.0,0.0,-1081.9
2014-07,23 Kontinentalsokkelen,36174.8,58446.1,98318.7
2014-07,24 Kildeskatt på pensjon,0.0,0.0,265.7
2014-08,01 Østfold,0.0,0.0,18001.7
2014-08,02 Akershus,0.0,0.0,56652.2
2014-08,03 Oslo,0.0,0.0,96645.7
2014-08,04 Hedmark,0.0,0.0,11603.9
2014-08,05 Oppland,0.0,0.0,11281.1
2014-08,06 Buskerud,0.0,0.0,21419.9
2014-08,07 Vestfold,0.0,0.0,16300.7
2014-08,08 Telemark,0.0,0.0,11334.6
2014-08,09 Aust-Agder,0.0,0.0,7359.8
2014-08,10 Vest-Agder,0.0,0.0,14767.8
2014-08,11 Rogaland,0.0,0.0,52314.8
2014-08,12 Hordaland,0.0,0.0,43562.3
2014-08,14 Sogn og Fjordane,0.0,0.0,7600.4
2014-08,15 Møre og Romsdal,0.0,0.0,19831.0
2014-08,16 Sør-Trøndelag,0.0,0.0,23325.6
2014-08,17 Nord-Trøndelag,0.0,0.0,7684.7
2014-08,18 Nordland,0.0,0.0,13763.1
2014-08,19 Troms - Romsa,0.0,0.0,9457.3
2014-08,20 Finnmark - Finnmárku,0.0,0.0,3275.3
2014-08,21 Svalbard,0.0,0.0,-1076.3
2014-08,23 Kontinentalsokkelen,46502.1,75634.1,125900.0
2014-08,24 Kildeskatt på pensjon,0.0,0.0,265.1
2014-09,01 Østfold,0.0,0.0,22348.3
2014-09,02 Akershus,0.0,0.0,69470.4
2014-09,03 Oslo,0.0,0.0,114869.1
2014-09,04 Hedmark,0.0,0.0,14496.1
2014-09,05 Oppland,0.0,0.0,14051.7
2014-09,06 Buskerud,0.0,0.0,26376.3
2014-09,07 Vestfold,0.0,0.0,20396.0
2014-09,08 Telemark,0.0,0.0,14057.8
2014-09,09 Aust-Agder,0.0,0.0,9102.3
2014-09,10 Vest-Agder,0.0,0.0,17871.7
2014-09,11 Rogaland,0.0,0.0,63640.6
2014-09,12 Hordaland,0.0,0.0,53301.9
2014-09,14 Sogn og Fjordane,0.0,0.0,9378.2
2014-09,15 Møre og Romsdal,0.0,0.0,24370.7
2014-09,16 Sør-Trøndelag,0.0,0.0,28838.4
2014-09,17 Nord-Trøndelag,0.0,0.0,9634.5
2014-09,18 Nordland,0.0,0.0,17164.8
2014-09,19 Troms - Romsa,0.0,0.0,11864.9
2014-09,20 Finnmark - Finnmárku,0.0,0.0,4122.3
2014-09,21 Svalbard,0.0,0.0,-1073.2
2014-09,23 Kontinentalsokkelen,46540.5,75698.0,126800.3
2014-09,24 Kildeskatt på pensjon,0.0,0.0,341.2
2014-10,01 Østfold,0.0,0.0,22300.9
2014-10,02 Akershus,0.0,0.0,69073.9
2014-10,03 Oslo,0.0,0.0,112180.2
2014-10,04 Hedmark,0.0,0.0,14497.6
2014-10,05 Oppland,0.0,0.0,14010.0
2014-10,06 Buskerud,0.0,0.0,26224.4
2014-10,07 Vestfold,0.0,0.0,20422.9
2014-10,08 Telemark,0.0,0.0,14035.4
2014-10,09 Aust-Agder,0.0,0.0,9084.1
2014-10,10 Vest-Agder,0.0,0.0,17849.1
2014-10,11 Rogaland,0.0,0.0,63119.5
2014-10,12 Hordaland,0.0,0.0,52833.9
2014-10,14 Sogn og Fjordane,0.0,0.0,9314.9
2014-10,15 Møre og Romsdal,0.0,0.0,24087.7
2014-10,16 Sør-Trøndelag,0.0,0.0,28647.8
2014-10,17 Nord-Trøndelag,0.0,0.0,9597.0
2014-10,18 Nordland,0.0,0.0,16978.5
2014-10,19 Troms - Romsa,0.0,0.0,11785.7
2014-10,20 Finnmark - Finnmárku,0.0,0.0,4082.2
2014-10,21 Svalbard,0.0,0.0,-1075.4
2014-10,23 Kontinentalsokkelen,56979.1,93071.3,154832.7
2014-10,24 Kildeskatt på pensjon,0.0,0.0,368.7
2014-11,01 Østfold,0.0,0.0,27236.8
2014-11,02 Akershus,0.0,0.0,84201.5
2014-11,03 Oslo,0.0,0.0,135391.9
2014-11,04 Hedmark,0.0,0.0,17713.1
2014-11,05 Oppland,0.0,0.0,17130.2
2014-11,06 Buskerud,0.0,0.0,32047.6
2014-11,07 Vestfold,0.0,0.0,24993.3
2014-11,08 Telemark,0.0,0.0,17048.9
2014-11,09 Aust-Agder,0.0,0.0,11076.7
2014-11,10 Vest-Agder,0.0,0.0,21482.0
2014-11,11 Rogaland,0.0,0.0,77363.1
2014-11,12 Hordaland,0.0,0.0,64694.6
2014-11,14 Sogn og Fjordane,0.0,0.0,11527.4
2014-11,15 Møre og Romsdal,0.0,0.0,29495.0
2014-11,16 Sør-Trøndelag,0.0,0.0,35156.5
2014-11,17 Nord-Trøndelag,0.0,0.0,11852.3
2014-11,18 Nordland,0.0,0.0,21003.9
2014-11,19 Troms - Romsa,0.0,0.0,14701.1
2014-11,20 Finnmark - Finnmárku,0.0,0.0,5029.0
2014-11,21 Svalbard,0.0,0.0,-1034.0
2014-11,23 Kontinentalsokkelen,56788.2,93364.3,155967.7
2014-11,24 Kildeskatt på pensjon,0.0,0.0,458.4
2014-12,01 Østfold,0.0,0.0,27380.9
2014-12,02 Akershus,0.0,0.0,84723.4
2014-12,03 Oslo,0.0,0.0,136377.2
2014-12,04 Hedmark,0.0,0.0,17798.7
2014-12,05 Oppland,0.0,0.0,17221.2
2014-12,06 Buskerud,0.0,0.0,32234.7
2014-12,07 Vestfold,0.0,0.0,25128.6
2014-12,08 Telemark,0.0,0.0,17132.6
2014-12,09 Aust-Agder,0.0,0.0,11242.9
2014-12,10 Vest-Agder,0.0,0.0,21584.0
2014-12,11 Rogaland,0.0,0.0,77778.9
2014-12,12 Hordaland,0.0,0.0,65090.7
2014-12,14 Sogn og Fjordane,0.0,0.0,11595.1
2014-12,15 Møre og Romsdal,0.0,0.0,29644.0
2014-12,16 Sør-Trøndelag,0.0,0.0,35326.4
2014-12,17 Nord-Trøndelag,0.0,0.0,11908.7
2014-12,18 Nordland,0.0,0.0,21086.7
2014-12,19 Troms - Romsa,0.0,0.0,14767.1
2014-12,20 Finnmark - Finnmárku,0.0,0.0,5079.9
2014-12,21 Svalbard,0.0,0.0,-1030.1
2014-12,23 Kontinentalsokkelen,64212.4,105837.4,175999.6
2014-12,24 Kildeskatt på pensjon,0.0,0.0,460.3
2015-01,01 Østfold,0.0,0.0,3527.5
2015-01,02 Akershus,0.0,0.0,10486.8
2015-01,03 Oslo,0.0,0.0,15679.2
2015-01,04 Hedmark,0.0,0.0,2338.6
2015-01,05 Oppland,0.0,0.0,2228.4
2015-01,06 Buskerud,0.0,0.0,4112.1
2015-01,07 Vestfold,0.0,0.0,3230.5
2015-01,08 Telemark,0.0,0.0,2199.9
2015-01,09 Aust-Agder,0.0,0.0,1415.4
2015-01,10 Vest-Agder,0.0,0.0,2617.1
2015-01,11 Rogaland,0.0,0.0,9634.7
2015-01,12 Hordaland,0.0,0.0,8155.8
2015-01,14 Sogn og Fjordane,0.0,0.0,1455.6
2015-01,15 Møre og Romsdal,0.0,0.0,3942.9
2015-01,16 Sør-Trøndelag,0.0,0.0,4664.9
2015-01,17 Nord-Trøndelag,0.0,0.0,1603.4
2015-01,18 Nordland,0.0,0.0,2770.0
2015-01,19 Troms - Romsa,0.0,0.0,1992.1
2015-01,20 Finnmark - Finnmárku,0.0,0.0,695.2
2015-01,21 Svalbard,0.0,0.0,64.2
2015-01,23 Kontinentalsokkelen,615.4,1024.2,2472.2
2015-01,24 Kildeskatt på pensjon,0.0,0.0,73.8
2015-02,01 Østfold,0.0,0.0,4382.5
2015-02,02 Akershus,0.0,0.0,13747.0
2015-02,03 Oslo,0.0,0.0,25264.9
2015-02,04 Hedmark,0.0,0.0,2803.1
2015-02,05 Oppland,0.0,0.0,2832.4
2015-02,06 Buskerud,0.0,0.0,5405.7
2015-02,07 Vestfold,0.0,0.0,3879.1
2015-02,08 Telemark,0.0,0.0,2752.3
2015-02,09 Aust-Agder,0.0,0.0,1736.0
2015-02,10 Vest-Agder,0.0,0.0,3521.0
2015-02,11 Rogaland,0.0,0.0,12482.0
2015-02,12 Hordaland,0.0,0.0,10888.3
2015-02,14 Sogn og Fjordane,0.0,0.0,2062.8
2015-02,15 Møre og Romsdal,0.0,0.0,5159.9
2015-02,16 Sør-Trøndelag,0.0,0.0,6189.9
2015-02,17 Nord-Trøndelag,0.0,0.0,1926.5
2015-02,18 Nordland,0.0,0.0,3591.3
2015-02,19 Troms - Romsa,0.0,0.0,2457.6
2015-02,20 Finnmark - Finnmárku,0.0,0.0,860.3
2015-02,21 Svalbard,0.0,0.0,96.5
2015-02,23 Kontinentalsokkelen,8804.7,14653.4,24647.2
2015-02,24 Kildeskatt på pensjon,0.0,0.0,73.2
2015-03,01 Østfold,0.0,0.0,8886.4
2015-03,02 Akershus,0.0,0.0,27103.5
2015-03,03 Oslo,0.0,0.0,44217.3
2015-03,04 Hedmark,0.0,0.0,5753.6
2015-03,05 Oppland,0.0,0.0,5654.1
2015-03,06 Buskerud,0.0,0.0,10541.8
2015-03,07 Vestfold,0.0,0.0,8121.1
2015-03,08 Telemark,0.0,0.0,5524.9
2015-03,09 Aust-Agder,0.0,0.0,3528.0
2015-03,10 Vest-Agder,0.0,0.0,6782.3
2015-03,11 Rogaland,0.0,0.0,23985.4
2015-03,12 Hordaland,0.0,0.0,20859.0
2015-03,14 Sogn og Fjordane,0.0,0.0,3821.2
2015-03,15 Møre og Romsdal,0.0,0.0,9864.3
2015-03,16 Sør-Trøndelag,0.0,0.0,11798.4
2015-03,17 Nord-Trøndelag,0.0,0.0,3890.5
2015-03,18 Nordland,0.0,0.0,7001.8
2015-03,19 Troms - Romsa,0.0,0.0,4892.2
2015-03,20 Finnmark - Finnmárku,0.0,0.0,1694.0
2015-03,21 Svalbard,0.0,0.0,105.7
2015-03,23 Kontinentalsokkelen,8658.4,14428.1,24670.1
2015-03,24 Kildeskatt på pensjon,0.0,0.0,148.4
2015-04,01 Østfold,0.0,0.0,9703.2
2015-04,02 Akershus,0.0,0.0,30397.6
2015-04,03 Oslo,0.0,0.0,54240.1
2015-04,04 Hedmark,0.0,0.0,6208.9
2015-04,05 Oppland,0.0,0.0,6246.7
2015-04,06 Buskerud,0.0,0.0,11786.5
2015-04,07 Vestfold,0.0,0.0,8792.2
2015-04,08 Telemark,0.0,0.0,6092.7
2015-04,09 Aust-Agder,0.0,0.0,3875.8
2015-04,10 Vest-Agder,0.0,0.0,8746.9
2015-04,11 Rogaland,0.0,0.0,26528.5
2015-04,12 Hordaland,0.0,0.0,23497.8
2015-04,14 Sogn og Fjordane,0.0,0.0,4339.6
2015-04,15 Møre og Romsdal,0.0,0.0,10886.1
2015-04,16 Sør-Trøndelag,0.0,0.0,13366.0
2015-04,17 Nord-Trøndelag,0.0,0.0,4201.3
2015-04,18 Nordland,0.0,0.0,7839.2
2015-04,19 Troms - Romsa,0.0,0.0,5368.9
2015-04,20 Finnmark - Finnmárku,0.0,0.0,1847.9
2015-04,21 Svalbard,0.0,0.0,125.7
2015-04,23 Kontinentalsokkelen,17464.3,29083.6,48226.2
2015-04,24 Kildeskatt på pensjon,0.0,0.0,141.1
2015-05,01 Østfold,0.0,0.0,14667.8
2015-05,02 Akershus,0.0,0.0,46026.4
2015-05,03 Oslo,0.0,0.0,78504.1
2015-05,04 Hedmark,0.0,0.0,9375.4
2015-05,05 Oppland,0.0,0.0,9292.0
2015-05,06 Buskerud,0.0,0.0,17569.8
2015-05,07 Vestfold,0.0,0.0,13448.1
2015-05,08 Telemark,0.0,0.0,9160.3
2015-05,09 Aust-Agder,0.0,0.0,5895.2
2015-05,10 Vest-Agder,0.0,0.0,12204.0
2015-05,11 Rogaland,0.0,0.0,39380.1
2015-05,12 Hordaland,0.0,0.0,34839.6
2015-05,14 Sogn og Fjordane,0.0,0.0,6270.5
2015-05,15 Møre og Romsdal,0.0,0.0,16036.5
2015-05,16 Sør-Trøndelag,0.0,0.0,19403.1
2015-05,17 Nord-Trøndelag,0.0,0.0,6279.4
2015-05,18 Nordland,0.0,0.0,11604.8
2015-05,19 Troms - Romsa,0.0,0.0,8084.2
2015-05,20 Finnmark - Finnmárku,0.0,0.0,2761.4
2015-05,21 Svalbard,0.0,0.0,147.9
2015-05,23 Kontinentalsokkelen,17235.1,28710.4,48199.5
2015-05,24 Kildeskatt på pensjon,0.0,0.0,192.7
2015-06,01 Østfold,0.0,0.0,14957.5
2015-06,02 Akershus,0.0,0.0,46897.6
2015-06,03 Oslo,0.0,0.0,80050.2
2015-06,04 Hedmark,0.0,0.0,9546.6
2015-06,05 Oppland,0.0,0.0,9503.2
2015-06,06 Buskerud,0.0,0.0,17892.4
2015-06,07 Vestfold,0.0,0.0,13695.1
2015-06,08 Telemark,0.0,0.0,9295.7
2015-06,09 Aust-Agder,0.0,0.0,5982.1
2015-06,10 Vest-Agder,0.0,0.0,12392.0
2015-06,11 Rogaland,0.0,0.0,39796.2
2015-06,12 Hordaland,0.0,0.0,35329.6
2015-06,14 Sogn og Fjordane,0.0,0.0,6382.1
2015-06,15 Møre og Romsdal,0.0,0.0,16297.1
2015-06,16 Sør-Trøndelag,0.0,0.0,19719.1
2015-06,17 Nord-Trøndelag,0.0,0.0,6369.2
2015-06,18 Nordland,0.0,0.0,11758.9
2015-06,19 Troms - Romsa,0.0,0.0,8215.2
2015-06,20 Finnmark - Finnmárku,0.0,0.0,2820.1
2015-06,21 Svalbard,0.0,0.0,148.4
2015-06,23 Kontinentalsokkelen,26058.2,43394.8,71545.8
2015-06,24 Kildeskatt på pensjon,0.0,0.0,191.9
2015-07,01 Østfold,0.0,0.0,18554.0
2015-07,02 Akershus,0.0,0.0,57372.5
2015-07,03 Oslo,0.0,0.0,96905.4
2015-07,04 Hedmark,0.0,0.0,11926.2
2015-07,05 Oppland,0.0,0.0,11746.6
2015-07,06 Buskerud,0.0,0.0,22111.4
2015-07,07 Vestfold,0.0,0.0,17062.5
2015-07,08 Telemark,0.0,0.0,11550.2
2015-07,09 Aust-Agder,0.0,0.0,7463.1
2015-07,10 Vest-Agder,0.0,0.0,15044.5
2015-07,11 Rogaland,0.0,0.0,48538.3
2015-07,12 Hordaland,0.0,0.0,43350.1
2015-07,14 Sogn og Fjordane,0.0,0.0,7861.0
2015-07,15 Møre og Romsdal,0.0,0.0,20241.0
2015-07,16 Sør-Trøndelag,0.0,0.0,24118.6
2015-07,17 Nord-Trøndelag,0.0,0.0,7963.6
2015-07,18 Nordland,0.0,0.0,14487.7
2015-07,19 Troms - Romsa,0.0,0.0,10127.4
2015-07,20 Finnmark - Finnmárku,0.0,0.0,3489.2
2015-07,21 Svalbard,0.0,0.0,198.3
2015-07,23 Kontinentalsokkelen,26344.6,43842.1,72826.9
2015-07,24 Kildeskatt på pensjon,0.0,0.0,267.2
2015-08,01 Østfold,0.0,0.0,18873.5
2015-08,02 Akershus,0.0,0.0,58344.0
2015-08,03 Oslo,0.0,0.0,98183.6
2015-08,04 Hedmark,0.0,0.0,12118.0
2015-08,05 Oppland,0.0,0.0,11937.4
2015-08,06 Buskerud,0.0,0.0,22459.8
2015-08,07 Vestfold,0.0,0.0,17358.1
2015-08,08 Telemark,0.0,0.0,11725.2
2015-08,09 Aust-Agder,0.0,0.0,7591.4
2015-08,10 Vest-Agder,0.0,0.0,15286.1
2015-08,11 Rogaland,0.0,0.0,49183.8
2015-08,12 Hordaland,0.0,0.0,44013.6
2015-08,14 Sogn og Fjordane,0.0,0.0,7953.5
2015-08,15 Møre og Romsdal,0.0,0.0,20476.1
2015-08,16 Sør-Trøndelag,0.0,0.0,24456.5
2015-08,17 Nord-Trøndelag,0.0,0.0,8081.1
2015-08,18 Nordland,0.0,0.0,14698.9
2015-08,19 Troms - Romsa,0.0,0.0,10281.7
2015-08,20 Finnmark - Finnmárku,0.0,0.0,3553.3
2015-08,21 Svalbard,0.0,0.0,202.8
2015-08,23 Kontinentalsokkelen,32854.9,54016.8,89419.4
2015-08,24 Kildeskatt på pensjon,0.0,0.0,266.3
2015-09,01 Østfold,0.0,0.0,23627.6
2015-09,02 Akershus,0.0,0.0,72154.4
2015-09,03 Oslo,0.0,0.0,117703.4
2015-09,04 Hedmark,0.0,0.0,15243.2
2015-09,05 Oppland,0.0,0.0,14930.5
2015-09,06 Buskerud,0.0,0.0,27796.5
2015-09,07 Vestfold,0.0,0.0,21743.7
2015-09,08 Telemark,0.0,0.0,14643.6
2015-09,09 Aust-Agder,0.0,0.0,9466.1
2015-09,10 Vest-Agder,0.0,0.0,18625.8
2015-09,11 Rogaland,0.0,0.0,60797.8
2015-09,12 Hordaland,0.0,0.0,54452.2
2015-09,14 Sogn og Fjordane,0.0,0.0,9830.2
2015-09,15 Møre og Romsdal,0.0,0.0,25338.7
2015-09,16 Sør-Trøndelag,0.0,0.0,30353.8
2015-09,17 Nord-Trøndelag,0.0,0.0,10184.8
2015-09,18 Nordland,0.0,0.0,18376.4
2015-09,19 Troms - Romsa,0.0,0.0,12894.5
2015-09,20 Finnmark - Finnmárku,0.0,0.0,4469.6
2015-09,21 Svalbard,0.0,0.0,212.3
2015-09,23 Kontinentalsokkelen,32854.9,54016.8,89998.0
2015-09,24 Kildeskatt på pensjon,0.0,0.0,337.7
2015-10,01 Østfold,0.0,0.0,23550.0
2015-10,02 Akershus,0.0,0.0,71743.1
2015-10,03 Oslo,0.0,0.0,115862.3
2015-10,04 Hedmark,0.0,0.0,15232.9
2015-10,05 Oppland,0.0,0.0,14824.7
2015-10,06 Buskerud,0.0,0.0,27671.2
2015-10,07 Vestfold,0.0,0.0,21724.1
2015-10,08 Telemark,0.0,0.0,14655.8
2015-10,09 Aust-Agder,0.0,0.0,9453.9
2015-10,10 Vest-Agder,0.0,0.0,18690.8
2015-10,11 Rogaland,0.0,0.0,60220.0
2015-10,12 Hordaland,0.0,0.0,54004.9
2015-10,14 Sogn og Fjordane,0.0,0.0,9725.8
2015-10,15 Møre og Romsdal,0.0,0.0,25028.7
2015-10,16 Sør-Trøndelag,0.0,0.0,29982.3
2015-10,17 Nord-Trøndelag,0.0,0.0,10173.7
2015-10,18 Nordland,0.0,0.0,18217.9
2015-10,19 Troms - Romsa,0.0,0.0,12793.6
2015-10,20 Finnmark - Finnmárku,0.0,0.0,4455.5
2015-10,21 Svalbard,0.0,0.0,216.0
2015-10,23 Kontinentalsokkelen,39711.1,64732.5,107623.0
2015-10,24 Kildeskatt på pensjon,0.0,0.0,365.0
2015-11,01 Østfold,0.0,0.0,28919.6
2015-11,02 Akershus,0.0,0.0,87496.6
2015-11,03 Oslo,0.0,0.0,139914.9
2015-11,04 Hedmark,0.0,0.0,18691.2
2015-11,05 Oppland,0.0,0.0,18151.0
2015-11,06 Buskerud,0.0,0.0,33826.1
2015-11,07 Vestfold,0.0,0.0,26561.0
2015-11,08 Telemark,0.0,0.0,17909.9
2015-11,09 Aust-Agder,0.0,0.0,11515.5
2015-11,10 Vest-Agder,0.0,0.0,22540.2
2015-11,11 Rogaland,0.0,0.0,73597.7
2015-11,12 Hordaland,0.0,0.0,66402.5
2015-11,14 Sogn og Fjordane,0.0,0.0,11884.5
2015-11,15 Møre og Romsdal,0.0,0.0,30553.0
2015-11,16 Sør-Trøndelag,0.0,0.0,37015.3
2015-11,17 Nord-Trøndelag,0.0,0.0,12602.5
2015-11,18 Nordland,0.0,0.0,22560.9
2015-11,19 Troms - Romsa,0.0,0.0,16109.4
2015-11,20 Finnmark - Finnmárku,0.0,0.0,5565.3
2015-11,21 Svalbard,0.0,0.0,262.8
2015-11,23 Kontinentalsokkelen,39711.1,64732.5,108355.8
2015-11,24 Kildeskatt på pensjon,0.0,0.0,459.9
2015-12,01 Østfold,0.0,0.0,29167.3
2015-12,02 Akershus,0.0,0.0,88708.1
2015-12,03 Oslo,0.0,0.0,141315.2
2015-12,04 Hedmark,0.0,0.0,18818.3
2015-12,05 Oppland,0.0,0.0,18284.4
2015-12,06 Buskerud,0.0,0.0,34183.0
2015-12,07 Vestfold,0.0,0.0,26861.2
2015-12,08 Telemark,0.0,0.0,18075.7
2015-12,09 Aust-Agder,0.0,0.0,11644.3
2015-12,10 Vest-Agder,0.0,0.0,22698.7
2015-12,11 Rogaland,0.0,0.0,74165.7
2015-12,12 Hordaland,0.0,0.0,66493.5
2015-12,14 Sogn og Fjordane,0.0,0.0,12012.5
2015-12,15 Møre og Romsdal,0.0,0.0,30768.0
2015-12,16 Sør-Trøndelag,0.0,0.0,37324.7
2015-12,17 Nord-Trøndelag,0.0,0.0,12699.4
2015-12,18 Nordland,0.0,0.0,22716.9
2015-12,19 Troms - Romsa,0.0,0.0,16239.7
2015-12,20 Finnmark - Finnmárku,0.0,0.0,5612.4
2015-12,21 Svalbard,0.0,0.0,272.6
2015-12,23 Kontinentalsokkelen,39476.7,64195.8,107656.2
2015-12,24 Kildeskatt på pensjon,0.0,0.0,291.7
2016-01,01 Østfold,0.0,0.0,3702.8
2016-01,02 Akershus,0.0,0.0,10842.0
2016-01,03 Oslo,0.0,0.0,16040.3
2016-01,04 Hedmark,0.0,0.0,2436.1
2016-01,05 Oppland,0.0,0.0,2304.6
2016-01,06 Buskerud,0.0,0.0,4246.1
2016-01,07 Vestfold,0.0,0.0,3349.5
2016-01,08 Telemark,0.0,0.0,2214.9
2016-01,09 Aust-Agder,0.0,0.0,1478.6
2016-01,10 Vest-Agder,0.0,0.0,2635.4
2016-01,11 Rogaland,0.0,0.0,9879.3
2016-01,12 Hordaland,0.0,0.0,7938.1
2016-01,14 Sogn og Fjordane,0.0,0.0,1537.7
2016-01,15 Møre og Romsdal,0.0,0.0,3981.9
2016-01,16 Sør-Trøndelag,0.0,0.0,4774.4
2016-01,17 Nord-Trøndelag,0.0,0.0,1647.8
2016-01,18 Nordland,0.0,0.0,2884.4
2016-01,19 Troms - Romsa,0.0,0.0,2100.6
2016-01,20 Finnmark - Finnmárku,0.0,0.0,740.7
2016-01,21 Svalbard,0.0,0.0,34.9
2016-01,23 Kontinentalsokkelen,-4.1,-6.3,617.5
2016-01,24 Kildeskatt på pensjon,0.0,0.0,107.2
2016-02,01 Østfold,0.0,0.0,4619.6
2016-02,02 Akershus,0.0,0.0,13827.9
2016-02,03 Oslo,0.0,0.0,25487.1
2016-02,04 Hedmark,0.0,0.0,2938.1
2016-02,05 Oppland,0.0,0.0,2868.9
2016-02,06 Buskerud,0.0,0.0,5510.0
2016-02,07 Vestfold,0.0,0.0,4069.0
2016-02,08 Telemark,0.0,0.0,2783.3
2016-02,09 Aust-Agder,0.0,0.0,1849.5
2016-02,10 Vest-Agder,0.0,0.0,4095.5
2016-02,11 Rogaland,0.0,0.0,12322.1
2016-02,12 Hordaland,0.0,0.0,10677.4
2016-02,14 Sogn og Fjordane,0.0,0.0,2121.7
2016-02,15 Møre og Romsdal,0.0,0.0,5016.7
2016-02,16 Sør-Trøndelag,0.0,0.0,6257.9
2016-02,17 Nord-Trøndelag,0.0,0.0,2015.5
2016-02,18 Nordland,0.0,0.0,3779.5
2016-02,19 Troms - Romsa,0.0,0.0,2743.4
2016-02,20 Finnmark - Finnmárku,0.0,0.0,905.5
2016-02,21 Svalbard,0.0,0.0,71.7
2016-02,23 Kontinentalsokkelen,4429.7,6922.9,12215.0
2016-02,24 Kildeskatt på pensjon,0.0,0.0,243.9
2016-03,01 Østfold,0.0,0.0,9287.6
2016-03,02 Akershus,0.0,0.0,27749.9
2016-03,03 Oslo,0.0,0.0,44986.1
2016-03,04 Hedmark,0.0,0.0,5985.1
2016-03,05 Oppland,0.0,0.0,5765.4
2016-03,06 Buskerud,0.0,0.0,10764.3
2016-03,07 Vestfold,0.0,0.0,8380.5
2016-03,08 Telemark,0.0,0.0,5584.6
2016-03,09 Aust-Agder,0.0,0.0,3697.9
2016-03,10 Vest-Agder,0.0,0.0,7288.7
2016-03,11 Rogaland,0.0,0.0,23716.0
2016-03,12 Hordaland,0.0,0.0,20679.2
2016-03,14 Sogn og Fjordane,0.0,0.0,3914.3
2016-03,15 Møre og Romsdal,0.0,0.0,9648.8
2016-03,16 Sør-Trøndelag,0.0,0.0,11979.9
2016-03,17 Nord-Trøndelag,0.0,0.0,4021.5
2016-03,18 Nordland,0.0,0.0,7282.7
2016-03,19 Troms - Romsa,0.0,0.0,5273.8
2016-03,20 Finnmark - Finnmárku,0.0,0.0,1756.5
2016-03,21 Svalbard,0.0,0.0,83.6
2016-03,23 Kontinentalsokkelen,4406.4,6880.3,12697.5
2016-03,24 Kildeskatt på pensjon,0.0,0.0,319.9
2016-04,01 Østfold,0.0,0.0,10220.5
2016-04,02 Akershus,0.0,0.0,30971.6
2016-04,03 Oslo,0.0,0.0,53562.4
2016-04,04 Hedmark,0.0,0.0,6464.9
2016-04,05 Oppland,0.0,0.0,6313.9
2016-04,06 Buskerud,0.0,0.0,11969.5
2016-04,07 Vestfold,0.0,0.0,9139.1
2016-04,08 Telemark,0.0,0.0,6149.7
2016-04,09 Aust-Agder,0.0,0.0,4046.2
2016-04,10 Vest-Agder,0.0,0.0,8891.3
2016-04,11 Rogaland,0.0,0.0,25895.5
2016-04,12 Hordaland,0.0,0.0,23250.0
2016-04,14 Sogn og Fjordane,0.0,0.0,4362.1
2016-04,15 Møre og Romsdal,0.0,0.0,10614.6
2016-04,16 Sør-Trøndelag,0.0,0.0,13544.8
2016-04,17 Nord-Trøndelag,0.0,0.0,4395.4
2016-04,18 Nordland,0.0,0.0,8169.8
2016-04,19 Troms - Romsa,0.0,0.0,5926.7
2016-04,20 Finnmark - Finnmárku,0.0,0.0,1930.4
2016-04,21 Svalbard,0.0,0.0,105.1
2016-04,23 Kontinentalsokkelen,8806.6,13757.2,24116.5
2016-04,24 Kildeskatt på pensjon,0.0,0.0,319.4
2016-05,01 Østfold,0.0,0.0,15729.1
2016-05,02 Akershus,0.0,0.0,48319.2
2016-05,03 Oslo,0.0,0.0,79762.7
2016-05,04 Hedmark,0.0,0.0,9876.3
2016-05,05 Oppland,0.0,0.0,9650.2
2016-05,06 Buskerud,0.0,0.0,18104.7
2016-05,07 Vestfold,0.0,0.0,14133.9
2016-05,08 Telemark,0.0,0.0,9345.7
2016-05,09 Aust-Agder,0.0,0.0,6130.3
2016-05,10 Vest-Agder,0.0,0.0,12467.3
2016-05,11 Rogaland,0.0,0.0,39819.3
2016-05,12 Hordaland,0.0,0.0,35340.7
2016-05,14 Sogn og Fjordane,0.0,0.0,6500.2
2016-05,15 Møre og Romsdal,0.0,0.0,15958.7
2016-05,16 Sør-Trøndelag,0.0,0.0,20174.6
2016-05,17 Nord-Trøndelag,0.0,0.0,6589.3
2016-05,18 Nordland,0.0,0.0,12276.9
2016-05,19 Troms - Romsa,0.0,0.0,8832.1
2016-05,20 Finnmark - Finnmárku,0.0,0.0,2882.6
2016-05,21 Svalbard,0.0,0.0,117.1
2016-05,23 Kontinentalsokkelen,8819.1,13777.8,24750.7
2016-05,24 Kildeskatt på pensjon,0.0,0.0,398.0
2016-06,01 Østfold,0.0,0.0,15924.0
2016-06,02 Akershus,0.0,0.0,48914.3
2016-06,03 Oslo,0.0,0.0,80855.8
2016-06,04 Hedmark,0.0,0.0,10027.9
2016-06,05 Oppland,0.0,0.0,9773.5
2016-06,06 Buskerud,0.0,0.0,18353.7
2016-06,07 Vestfold,0.0,0.0,14319.8
2016-06,08 Telemark,0.0,0.0,9440.9
2016-06,09 Aust-Agder,0.0,0.0,6199.9
2016-06,10 Vest-Agder,0.0,0.0,12703.9
2016-06,11 Rogaland,0.0,0.0,40430.8
2016-06,12 Hordaland,0.0,0.0,35770.4
2016-06,14 Sogn og Fjordane,0.0,0.0,6585.5
2016-06,15 Møre og Romsdal,0.0,0.0,16134.0
2016-06,16 Sør-Trøndelag,0.0,0.0,20495.4
2016-06,17 Nord-Trøndelag,0.0,0.0,6646.8
2016-06,18 Nordland,0.0,0.0,12412.4
2016-06,19 Troms - Romsa,0.0,0.0,8953.4
2016-06,20 Finnmark - Finnmárku,0.0,0.0,2918.6
2016-06,21 Svalbard,0.0,0.0,113.5
2016-06,23 Kontinentalsokkelen,13296.8,20782.7,36064.8
2016-06,24 Kildeskatt på pensjon,0.0,0.0,398.1
2016-07,01 Østfold,0.0,0.0,19622.7
2016-07,02 Akershus,0.0,0.0,59784.8
2016-07,03 Oslo,0.0,0.0,97392.5
2016-07,04 Hedmark,0.0,0.0,12429.4
2016-07,05 Oppland,0.0,0.0,12043.7
2016-07,06 Buskerud,0.0,0.0,22577.4
2016-07,07 Vestfold,0.0,0.0,17697.9
2016-07,08 Telemark,0.0,0.0,11700.6
2016-07,09 Aust-Agder,0.0,0.0,7637.9
2016-07,10 Vest-Agder,0.0,0.0,15317.5
2016-07,11 Rogaland,0.0,0.0,49720.9
2016-07,12 Hordaland,0.0,0.0,43795.2
2016-07,14 Sogn og Fjordane,0.0,0.0,8067.7
2016-07,15 Møre og Romsdal,0.0,0.0,19975.8
2016-07,16 Sør-Trøndelag,0.0,0.0,25087.0
2016-07,17 Nord-Trøndelag,0.0,0.0,8245.6
2016-07,18 Nordland,0.0,0.0,15168.0
2016-07,19 Troms - Romsa,0.0,0.0,10901.6
2016-07,20 Finnmark - Finnmárku,0.0,0.0,3578.9
2016-07,21 Svalbard,0.0,0.0,146.9
2016-07,23 Kontinentalsokkelen,13058.1,20394.3,36113.8
2016-07,24 Kildeskatt på pensjon,0.0,0.0,479.3
2016-08,01 Østfold,0.0,0.0,20050.9
2016-08,02 Akershus,0.0,0.0,61163.1
2016-08,03 Oslo,0.0,0.0,99283.8
2016-08,04 Hedmark,0.0,0.0,12677.6
2016-08,05 Oppland,0.0,0.0,12293.1
2016-08,06 Buskerud,0.0,0.0,23107.8
2016-08,07 Vestfold,0.0,0.0,18090.6
2016-08,08 Telemark,0.0,0.0,11934.3
2016-08,09 Aust-Agder,0.0,0.0,7831.0
2016-08,10 Vest-Agder,0.0,0.0,15615.8
2016-08,11 Rogaland,0.0,0.0,50527.5
2016-08,12 Hordaland,0.0,0.0,44643.6
2016-08,14 Sogn og Fjordane,0.0,0.0,8199.6
2016-08,15 Møre og Romsdal,0.0,0.0,20318.7
2016-08,16 Sør-Trøndelag,0.0,0.0,25508.3
2016-08,17 Nord-Trøndelag,0.0,0.0,8402.0
2016-08,18 Nordland,0.0,0.0,15430.4
2016-08,19 Troms - Romsa,0.0,0.0,11111.3
2016-08,20 Finnmark - Finnmárku,0.0,0.0,3662.9
2016-08,21 Svalbard,0.0,0.0,165.5
2016-08,23 Kontinentalsokkelen,16331.7,25715.2,44714.5
2016-08,24 Kildeskatt på pensjon,0.0,0.0,479.4
2016-09,01 Østfold,0.0,0.0,24976.6
2016-09,02 Akershus,0.0,0.0,75694.1
2016-09,03 Oslo,0.0,0.0,119818.7
2016-09,04 Hedmark,0.0,0.0,15933.0
2016-09,05 Oppland,0.0,0.0,15410.4
2016-09,06 Buskerud,0.0,0.0,28605.4
2016-09,07 Vestfold,0.0,0.0,22588.3
2016-09,08 Telemark,0.0,0.0,14923.9
2016-09,09 Aust-Agder,0.0,0.0,9772.0
2016-09,10 Vest-Agder,0.0,0.0,19010.5
2016-09,11 Rogaland,0.0,0.0,61778.4
2016-09,12 Hordaland,0.0,0.0,55003.4
2016-09,14 Sogn og Fjordane,0.0,0.0,10150.9
2016-09,15 Møre og Romsdal,0.0,0.0,25147.5
2016-09,16 Sør-Trøndelag,0.0,0.0,31649.3
2016-09,17 Nord-Trøndelag,0.0,0.0,10572.8
2016-09,18 Nordland,0.0,0.0,19259.0
2016-09,19 Troms - Romsa,0.0,0.0,13835.9
2016-09,20 Finnmark - Finnmárku,0.0,0.0,4608.4
2016-09,21 Svalbard,0.0,0.0,170.5
2016-09,23 Kontinentalsokkelen,16610.5,26169.1,45974.6
2016-09,24 Kildeskatt på pensjon,0.0,0.0,560.2
2016-10,01 Østfold,0.0,0.0,24832.9
2016-10,02 Akershus,0.0,0.0,75584.7
2016-10,03 Oslo,0.0,0.0,118940.7
2016-10,04 Hedmark,0.0,0.0,15949.4
2016-10,05 Oppland,0.0,0.0,15389.2
2016-10,06 Buskerud,0.0,0.0,28513.0
2016-10,07 Vestfold,0.0,0.0,22504.1
2016-10,08 Telemark,0.0,0.0,14896.3
2016-10,09 Aust-Agder,0.0,0.0,9741.6
2016-10,10 Vest-Agder,0.0,0.0,18883.1
2016-10,11 Rogaland,0.0,0.0,61247.5
2016-10,12 Hordaland,0.0,0.0,54702.3
2016-10,14 Sogn og Fjordane,0.0,0.0,10031.3
2016-10,15 Møre og Romsdal,0.0,0.0,24884.3
2016-10,16 Sør-Trøndelag,0.0,0.0,31360.6
2016-10,17 Nord-Trøndelag,0.0,0.0,10519.8
2016-10,18 Nordland,0.0,0.0,19090.6
2016-10,19 Troms - Romsa,0.0,0.0,13752.8
2016-10,20 Finnmark - Finnmárku,0.0,0.0,4597.8
2016-10,21 Svalbard,0.0,0.0,174.0
2016-10,23 Kontinentalsokkelen,19862.1,30823.7,54047.4
2016-10,24 Kildeskatt på pensjon,0.0,0.0,565.5
2016-11,01 Østfold,0.0,0.0,30556.9
2016-11,02 Akershus,0.0,0.0,92544.9
2016-11,03 Oslo,0.0,0.0,145782.9
2016-11,04 Hedmark,0.0,0.0,19494.3
2016-11,05 Oppland,0.0,0.0,18885.7
2016-11,06 Buskerud,0.0,0.0,34843.8
2016-11,07 Vestfold,0.0,0.0,27559.4
2016-11,08 Telemark,0.0,0.0,18483.8
2016-11,09 Aust-Agder,0.0,0.0,11889.7
2016-11,10 Vest-Agder,0.0,0.0,22784.9
2016-11,11 Rogaland,0.0,0.0,74171.9
2016-11,12 Hordaland,0.0,0.0,66856.4
2016-11,14 Sogn og Fjordane,0.0,0.0,12216.1
2016-11,15 Møre og Romsdal,0.0,0.0,30401.9
2016-11,16 Sør-Trøndelag,0.0,0.0,38938.4
2016-11,17 Nord-Trøndelag,0.0,0.0,13084.5
2016-11,18 Nordland,0.0,0.0,23567.8
2016-11,19 Troms - Romsa,0.0,0.0,16973.1
2016-11,20 Finnmark - Finnmárku,0.0,0.0,5756.1
2016-11,21 Svalbard,0.0,0.0,258.6
2016-11,23 Kontinentalsokkelen,13074.4,20235.0,38056.0
2016-11,24 Kildeskatt på pensjon,0.0,0.0,681.8
2016-12,01 Østfold,0.0,0.0,30727.1
2016-12,02 Akershus,0.0,0.0,93184.1
2016-12,03 Oslo,0.0,0.0,146821.4
2016-12,04 Hedmark,0.0,0.0,19590.5
2016-12,05 Oppland,0.0,0.0,18980.4
2016-12,06 Buskerud,0.0,0.0,35112.9
2016-12,07 Vestfold,0.0,0.0,27735.4
2016-12,08 Telemark,0.0,0.0,18568.7
2016-12,09 Aust-Agder,0.0,0.0,11949.6
2016-12,10 Vest-Agder,0.0,0.0,22894.2
2016-12,11 Rogaland,0.0,0.0,74581.7
2016-12,12 Hordaland,0.0,0.0,67332.2
2016-12,14 Sogn og Fjordane,0.0,0.0,12290.2
2016-12,15 Møre og Romsdal,0.0,0.0,30575.7
2016-12,16 Sør-Trøndelag,0.0,0.0,39144.9
2016-12,17 Nord-Trøndelag,0.0,0.0,13154.1
2016-12,18 Nordland,0.0,0.0,23716.9
2016-12,19 Troms - Romsa,0.0,0.0,17065.8
2016-12,20 Finnmark - Finnmárku,0.0,0.0,5786.9
2016-12,21 Svalbard,0.0,0.0,264.6
2016-12,23 Kontinentalsokkelen,16034.2,25058.5,45848.1
2016-12,24 Kildeskatt på pensjon,0.0,0.0,683.5
2017-01,01 Østfold,0.0,0.0,3879.0
2017-01,02 Akershus,0.0,0.0,11810.4
2017-01,03 Oslo,0.0,0.0,17190.0
2017-01,04 Hedmark,0.0,0.0,2541.5
2017-01,05 Oppland,0.0,0.0,2415.4
2017-01,06 Buskerud,0.0,0.0,4402.2
2017-01,07 Vestfold,0.0,0.0,3531.2
2017-01,08 Telemark,0.0,0.0,2376.5
2017-01,09 Aust-Agder,0.0,0.0,1500.0
2017-01,10 Vest-Agder,0.0,0.0,2655.5
2017-01,11 Rogaland,0.0,0.0,9342.6
2017-01,12 Hordaland,0.0,0.0,8400.5
2017-01,14 Sogn og Fjordane,0.0,0.0,1591.6
2017-01,15 Møre og Romsdal,0.0,0.0,4072.9
2017-01,16 Sør-Trøndelag,0.0,0.0,4996.7
2017-01,17 Nord-Trøndelag,0.0,0.0,1694.9
2017-01,18 Nordland,0.0,0.0,3002.2
2017-01,19 Troms - Romsa,0.0,0.0,2230.6
2017-01,20 Finnmark - Finnmárku,0.0,0.0,759.3
2017-01,21 Svalbard,0.0,0.0,42.1
2017-01,23 Kontinentalsokkelen,0.0,0.0,692.5
2017-01,24 Kildeskatt på pensjon,0.0,0.0,83.3
2017-02,01 Østfold,0.0,0.0,4762.0
2017-02,02 Akershus,0.0,0.0,14771.2
2017-02,03 Oslo,0.0,0.0,27021.8
2017-02,04 Hedmark,0.0,0.0,3053.2
2017-02,05 Oppland,0.0,0.0,2980.9
2017-02,06 Buskerud,0.0,0.0,5710.0
2017-02,07 Vestfold,0.0,0.0,4237.0
2017-02,08 Telemark,0.0,0.0,2986.9
2017-02,09 Aust-Agder,0.0,0.0,1828.5
2017-02,10 Vest-Agder,0.0,0.0,3912.2
2017-02,11 Rogaland,0.0,0.0,11521.5
2017-02,12 Hordaland,0.0,0.0,10951.7
2017-02,14 Sogn og Fjordane,0.0,0.0,2116.6
2017-02,15 Møre og Romsdal,0.0,0.0,5107.7
2017-02,16 Sør-Trøndelag,0.0,0.0,6400.7
2017-02,17 Nord-Trøndelag,0.0,0.0,2092.6
2017-02,18 Nordland,0.0,0.0,3988.0
2017-02,19 Troms - Romsa,0.0,0.0,2953.3
2017-02,20 Finnmark - Finnmárku,0.0,0.0,954.4
2017-02,21 Svalbard,0.0,0.0,75.3
2017-02,23 Kontinentalsokkelen,3188.0,5181.4,9135.9
2017-02,24 Kildeskatt på pensjon,0.0,0.0,83.0
2017-03,01 Østfold,0.0,0.0,9668.2
2017-03,02 Akershus,0.0,0.0,29428.3
2017-03,03 Oslo,0.0,0.0,47846.1
2017-03,04 Hedmark,0.0,0.0,6198.2
2017-03,05 Oppland,0.0,0.0,5996.4
2017-03,06 Buskerud,0.0,0.0,11155.6
2017-03,07 Vestfold,0.0,0.0,8660.3
2017-03,08 Telemark,0.0,0.0,5909.7
2017-03,09 Aust-Agder,0.0,0.0,3690.2
2017-03,10 Vest-Agder,0.0,0.0,7145.7
2017-03,11 Rogaland,0.0,0.0,22723.2
2017-03,12 Hordaland,0.0,0.0,21279.1
2017-03,14 Sogn og Fjordane,0.0,0.0,3963.6
2017-03,15 Møre og Romsdal,0.0,0.0,9813.2
2017-03,16 Sør-Trøndelag,0.0,0.0,12401.5
2017-03,17 Nord-Trøndelag,0.0,0.0,4166.7
2017-03,18 Nordland,0.0,0.0,7612.5
2017-03,19 Troms - Romsa,0.0,0.0,5595.8
2017-03,20 Finnmark - Finnmárku,0.0,0.0,1853.0
2017-03,21 Svalbard,0.0,0.0,98.6
2017-03,23 Kontinentalsokkelen,3505.1,5696.7,10351.3
2017-03,24 Kildeskatt på pensjon,0.0,0.0,168.4
2017-04,01 Østfold,0.0,0.0,10654.7
2017-04,02 Akershus,0.0,0.0,32630.1
2017-04,03 Oslo,0.0,0.0,58356.6
2017-04,04 Hedmark,0.0,0.0,6684.1
2017-04,05 Oppland,0.0,0.0,6536.9
2017-04,06 Buskerud,0.0,0.0,12406.3
2017-04,07 Vestfold,0.0,0.0,9303.4
2017-04,08 Telemark,0.0,0.0,6560.3
2017-04,09 Aust-Agder,0.0,0.0,3996.1
2017-04,10 Vest-Agder,0.0,0.0,8297.4
2017-04,11 Rogaland,0.0,0.0,24853.6
2017-04,12 Hordaland,0.0,0.0,24000.7
2017-04,14 Sogn og Fjordane,0.0,0.0,4449.6
2017-04,15 Møre og Romsdal,0.0,0.0,10725.8
2017-04,16 Sør-Trøndelag,0.0,0.0,13648.2
2017-04,17 Nord-Trøndelag,0.0,0.0,4533.6
2017-04,18 Nordland,0.0,0.0,8698.5
2017-04,19 Troms - Romsa,0.0,0.0,6126.0
2017-04,20 Finnmark - Finnmárku,0.0,0.0,2018.2
2017-04,21 Svalbard,0.0,0.0,130.8
2017-04,23 Kontinentalsokkelen,6806.6,11060.1,19128.2
2017-04,24 Kildeskatt på pensjon,0.0,0.0,169.1
2017-05,01 Østfold,0.0,0.0,16147.1
2017-05,02 Akershus,0.0,0.0,50029.5
2017-05,03 Oslo,0.0,0.0,94787.2
2017-05,04 Hedmark,0.0,0.0,10181.2
2017-05,05 Oppland,0.0,0.0,9910.1
2017-05,06 Buskerud,0.0,0.0,18566.1
2017-05,07 Vestfold,0.0,0.0,14324.9
2017-05,08 Telemark,0.0,0.0,9819.0
2017-05,09 Aust-Agder,0.0,0.0,6261.5
2017-05,10 Vest-Agder,0.0,0.0,11814.6
2017-05,11 Rogaland,0.0,0.0,37580.0
2017-05,12 Hordaland,0.0,0.0,36124.0
2017-05,14 Sogn og Fjordane,0.0,0.0,6777.8
2017-05,15 Møre og Romsdal,0.0,0.0,16049.5
2017-05,16 Sør-Trøndelag,0.0,0.0,20436.4
2017-05,17 Nord-Trøndelag,0.0,0.0,6806.8
2017-05,18 Nordland,0.0,0.0,13123.7
2017-05,19 Troms - Romsa,0.0,0.0,9353.9
2017-05,20 Finnmark - Finnmárku,0.0,0.0,2983.3
2017-05,21 Svalbard,0.0,0.0,156.8
2017-05,23 Kontinentalsokkelen,6804.5,11054.1,19613.9
2017-05,24 Kildeskatt på pensjon,0.0,0.0,253.7
2017-06,01 Østfold,0.0,0.0,16327.6
2017-06,02 Akershus,0.0,0.0,50913.9
2017-06,03 Oslo,0.0,0.0,96901.9
2017-06,04 Hedmark,0.0,0.0,10282.1
2017-06,05 Oppland,0.0,0.0,10026.6
2017-06,06 Buskerud,0.0,0.0,18797.7
2017-06,07 Vestfold,0.0,0.0,14491.9
2017-06,08 Telemark,0.0,0.0,9909.1
2017-06,09 Aust-Agder,0.0,0.0,6295.1
2017-06,10 Vest-Agder,0.0,0.0,11918.0
2017-06,11 Rogaland,0.0,0.0,37863.6
2017-06,12 Hordaland,0.0,0.0,36524.6
2017-06,14 Sogn og Fjordane,0.0,0.0,6829.6
2017-06,15 Møre og Romsdal,0.0,0.0,16188.6
2017-06,16 Sør-Trøndelag,0.0,0.0,20627.4
2017-06,17 Nord-Trøndelag,0.0,0.0,6874.7
2017-06,18 Nordland,0.0,0.0,13256.7
2017-06,19 Troms - Romsa,0.0,0.0,9454.0
2017-06,20 Finnmark - Finnmárku,0.0,0.0,3033.5
2017-06,21 Svalbard,0.0,0.0,157.8
2017-06,23 Kontinentalsokkelen,9863.4,16009.3,27580.3
2017-06,24 Kildeskatt på pensjon,0.0,0.0,254.0
2017-07,01 Østfold,0.0,0.0,20182.6
2017-07,02 Akershus,0.0,0.0,62096.5
2017-07,03 Oslo,0.0,0.0,113421.0
2017-07,04 Hedmark,0.0,0.0,12803.4
2017-07,05 Oppland,0.0,0.0,12372.2
2017-07,06 Buskerud,0.0,0.0,23176.6
2017-07,07 Vestfold,0.0,0.0,17989.7
2017-07,08 Telemark,0.0,0.0,12416.5
2017-07,09 Aust-Agder,0.0,0.0,7811.2
2017-07,10 Vest-Agder,0.0,0.0,14581.1
2017-07,11 Rogaland,0.0,0.0,46929.8
2017-07,12 Hordaland,0.0,0.0,44670.2
2017-07,14 Sogn og Fjordane,0.0,0.0,8393.9
2017-07,15 Møre og Romsdal,0.0,0.0,20131.5
2017-07,16 Sør-Trøndelag,0.0,0.0,25403.1
2017-07,17 Nord-Trøndelag,0.0,0.0,8517.3
2017-07,18 Nordland,0.0,0.0,16132.6
2017-07,19 Troms - Romsa,0.0,0.0,11492.1
2017-07,20 Finnmark - Finnmárku,0.0,0.0,3741.4
2017-07,21 Svalbard,0.0,0.0,186.7
2017-07,23 Kontinentalsokkelen,9008.8,14620.3,25664.0
2017-07,24 Kildeskatt på pensjon,0.0,0.0,336.4
